X,Y,FID,VOLCANX020,NUMBER,NAME,LOCATION,STATUS,ELEV,TYPE,TIMEFRAME,LAT,LONG
120.350001054604959,15.130007105443545,1,1,0703-083,Pinatubo,Luzon-Philippines,Historical,1486,Stratovolcano,D1,15.13,120.35
120.550005593083597,16.330008399867726,2,2,0703-086,Santo Tomas,Luzon-Philippines,Uncertain,2260,Stratovolcano,?,16.33,120.55
121.180002757521152,21.830006481413985,3,3,0801-02=,Unnamed,Taiwan-E of,Historical,-115,Submarine volcano,D3,21.83,121.18
120.400004082522301,14.705006108045438,4,4,0703-082,Natib,Luzon-Philippines,Holocene?,1287,Stratovolcano,?,14.705,120.4
120.500002521099418,14.500008162146974,5,5,0703-081,Mariveles,Luzon-Philippines,Radiocarbon,1420,Stratovolcano,D7,14.5,120.5
121.51999905271407,25.170001668042513,6,6,0801-032,Tatun Group,Taiwan,Pleistocene-Fumarolic,1120,Stratovolcanoes,Q,25.17,121.52
120.980005780542342,17.147007542763845,7,7,0703-087,Patoc,Luzon-Philippines,Fumarolic,1865,Stratovolcano,U,17.147,120.98
120.805002757371312,15.82800776184871,8,8,0703-085,Amorong,Luzon-Philippines,Fumarolic,376,Unknown,U,15.828,120.805
120.741999224384713,15.200006768597458,9,9,0703-084,Arayat,Luzon-Philippines,Holocene?,1026,Stratovolcano,?,15.2,120.742
160.469989553575033,56.104995303590385,10,310,1000-261,Ushkovsky,Kamchatka,Historical,3943,Compound volcano,D3,56.105,160.47
121.100000863349123,17.320004002182937,11,10,0703-088,Ambalatungan Group,Luzon-Philippines,Fumarolic,2329,Compound volcano,U,17.32,121.1
159.96999013553625,54.499996049278245,12,311,1000-17=,Uzon,Kamchatka,Radiocarbon,1617,Calderas,D7,54.5,159.97
160.592990638307242,56.01999624732894,13,312,1000-251,Kamen,Kamchatka,Holocene,4585,Stratovolcano,U,56.02,160.593
121.830004123191657,24.000001986402548,14,11,0801-03=,Unnamed,Taiwan-E of,Historical,0,Submarine volcano,D3,24,121.83
160.586993947212846,55.977996438284947,15,313,1000-25=,Bezymianny,Kamchatka,Historical,2882,Stratovolcano,D1,55.978,160.587
121.920000448561836,24.850003983896734,16,12,0801-031,Kueishantao,Taiwan,Pleistocene-Fumarolic,401,Stratovolcano,Q,24.85,121.92
160.637988782556249,56.056994992125162,17,314,1000-26=,Kliuchevskoi,Kamchatka,Historical,4835,Stratovolcano,D1,56.057,160.638
160.526981211313768,55.75499690508309,18,315,1000-241,Udina,Kamchatka,Holocene,2923,Stratovolcanoes,U,55.755,160.527
121.750002247006009,20.330005082368647,19,13,0704-05=,Unnamed,Luzon-N of,Historical,-24,Submarine volcano,D3,20.33,121.75
122.070001942935278,25.630002495218946,20,14,0801-041,Pengchiahsu,Taiwan-N of,Pleistocene-Fumarolic,129,Stratovolcano,Q,25.63,122.07
160.602985186417158,55.861995333717623,21,316,1000-242,Zimina,Kamchatka,Holocene,3081,Stratovolcanoes,U,55.862,160.603
120.893000123656748,13.723005136977456,22,15,0703-045,Panay,Luzon-Philippines,Pleistocene-Fumarolic,501,Stratovolcano,Q,13.723,120.893
160.319995970537548,55.129997016049394,23,317,1000-23=,Kizimen,Kamchatka,Historical,2376,Stratovolcano,D2,55.13,160.32
120.992998572126339,14.002007227451532,24,16,0703-07=,Taal,Luzon-Philippines,Historical,400,Stratovolcano,D1,14.002,120.993
160.019993216513626,54.319995785776875,25,318,1000-15=,Bolshoi Semiachik,Kamchatka,Radiocarbon,1720,Stratovolcanoes,D7,54.32,160.02
122.010004304854746,20.469003061242294,26,17,0704-06-,Iraya,Luzon-N of,Historical,1009,Stratovolcano,D6,20.469,122.01
160.272983794566329,54.592994559851036,27,319,1000-19=,Krasheninnikov,Kamchatka,Radiocarbon,1856,Caldera,D5,54.593,160.273
122.33000399448872,25.420005385340232,28,18,0801-04=,Unnamed,Taiwan-N of,Historical,-100,Submarine volcano,D3,25.42,122.33
160.25299481345985,54.486999402300562,29,320,1000-18=,Kikhpinych,Kamchatka,Radiocarbon,1552,Stratovolcanoes,D5,54.487,160.253
145.399989084028903,19.67000687981362,30,321,0804-15=,Asuncion,Mariana Is-C Pacific,Historical,857,Stratovolcano,D2,19.67,145.4
121.940004612922522,19.523008058974714,31,19,0704-03=,Babuyan Claro,Luzon-N of,Historical,1080,Stratovolcanoes,D2,19.523,121.94
-65.60003864037094,88.27000840826139,32,322,1707-01-,Unnamed,Arctic Ocean,Uncertain,-1500,Submarine volcano,?,88.27,-65.6
-8.169965166858958,71.080010283347846,33,323,1706-01=,Jan Mayen,Atlantic-N-Jan Mayen,Historical,2277,Stratovolcano,D1,71.08,-8.17
121.860002793394187,18.830007507240627,34,20,0704-01=,Camiguin de Babuyanes,Luzon-N of,Historical,712,Stratovolcano,D3,18.83,121.86
160.526981478412495,54.752994395674811,35,324,1000-20=,Kronotsky,Kamchatka,Historical,3528,Stratovolcano,D2,54.753,160.527
121.199999242570911,14.130007438392582,36,21,0703-06=,Maquiling,Luzon-Philippines,Holocene,1090,Stratovolcano,U,14.13,121.2
122.45800232045066,26.180001539039775,37,22,0801-05=,Zengyu,Taiwan-N of,Historical,-418,Submarine volcano,D2,26.18,122.458
161.359988503366708,56.652995608660369,38,325,1000-27=,Shiveluch,Kamchatka,Historical,3283,Stratovolcano,D1,56.653,161.36
160.62999348940798,54.919994187381796,39,326,1000-201,Schmidt,Kamchatka,Holocene,2020,Shield volcano,U,54.92,160.63
121.330004089117338,14.350006672270073,40,23,0703-08=,Jalajala,Luzon-Philippines,Fumarolic,743,Fumarole field,?,14.35,121.33
160.719989769811946,55.031997497886209,41,327,1000-22=,Komarov,Kamchatka,Radiocarbon,2070,Stratovolcano,D6,55.032,160.72
121.300005313694214,14.120005303601889,42,24,0703-051,Laguna Volc Field,Luzon-Philippines,Anthropology,654,Scoria cones,D6,14.12,121.3
122.202005560608072,19.077005248693244,43,25,0704-02=,Didicas,Luzon-N of,Historical,244,Compound volcano,D1,19.077,122.202
160.701984419745145,54.972995586477111,44,328,1000-21=,Gamchen,Kamchatka,Tephrochronology,2576,Complex volcano,D7,54.973,160.702
160.769992796830024,55.069995694345778,45,329,1000-221,Vysoky,Kamchatka,Radiocarbon,2161,Stratovolcano,D7,55.07,160.77
122.123003187347194,18.222009818598227,46,26,0703-09=,Cagua,Luzon-Philippines,Historical,1133,Stratovolcano,D3,18.222,122.123
161.749987989254237,55.919994082860619,47,330,1000-232,Unnamed,Kamchatka,Holocene?,0,Cinder cones,?,55.92,161.75
121.480005561907092,14.070009894740844,48,27,0703-05=,Banahao,Luzon-Philippines,Holocene,2158,Complex volcano,U,14.07,121.48
122.017999759880922,13.240008342011377,49,28,0703-044,Malindig,Luzon-Philippines,Hot Springs,1157,Stratovolcano ?,U,13.24,122.018
2.750018235553114,45.500006664875677,50,331,0100-02-,Chaine des Puys,France,Radiocarbon,1464,Cinder cones,D7,45.5,2.75
124.000001630970473,24.558002327245564,51,29,0802-01=,Iriomote-jima,Ryukyu Is,Historical,-200,Submarine volcano,D2,24.558,124
145.669993257782608,18.770003718696675,52,332,0804-16=,Agrigan,Mariana Is-C Pacific,Historical,965,Stratovolcano,D2,18.77,145.67
145.799998085443235,18.130004523789744,53,333,0804-17=,Pagan,Mariana Is-C Pacific,Historical,570,Stratovolcanoes,D1,18.13,145.8
122.792001608887063,14.020006834447811,54,30,0703-043,Labo,Luzon-Philippines,Pleistocene-Hot Springs,1544,Compound volcano,U,14.02,122.792
123.379998853664105,13.658005528132609,55,31,0703-042,Isarog,Luzon-Philippines,Fumarolic,1966,Stratovolcano,U,13.658,123.38
145.829996840181934,17.600007815108548,56,334,0804-18=,Alamagan,Mariana Is-C Pacific,Radiocarbon,744,Stratovolcano,D6,17.6,145.83
123.457002303813184,13.457006336773029,57,32,0703-041,Iriga,Luzon-Philippines,Historical,1196,Stratovolcano,D5,13.457,123.457
2.530018821811154,42.170004701655614,58,335,0100-03-,Olot Volc Field,Spain,Holocene?,893,Pyroclastic cones,?,42.17,2.53
145.850001098072198,17.320007214561318,59,336,0804-19=,Guguan,Mariana Is-C Pacific,Historical,287,Stratovolcano,D3,17.32,145.85
123.597001649006884,13.422006498001453,60,33,0703-04=,Malinao,Luzon-Philippines,Fumarolic,1548,Stratovolcano,U,13.422,123.597
123.59999999770173,13.320004389690835,61,34,0703-031,Masaraga,Luzon-Philippines,Holocene,1328,Stratovolcano,U,13.32,123.6
145.779993773593674,16.708005986986677,62,337,0804-191,Sarigan,Mariana Is-C Pacific,Holocene,538,Stratovolcano,U,16.708,145.78
123.684999053963111,13.257007545861539,63,35,0703-03=,Mayon,Luzon-Philippines,Historical,2462,Stratovolcano,D1,13.257,123.685
145.669993181340146,16.350006299551076,64,338,0804-20=,Anatahan,Mariana Is-C Pacific,Historical,788,Stratovolcano,D1,16.35,145.67
123.132005387338722,10.412004464534386,65,36,0702-02=,Canlaon,Philippines-C,Historical,2435,Stratovolcano,D1,10.412,123.132
144.774989095170554,14.601004418319231,66,339,0804-211,NW Rota 1,Mariana Is-C Pacific,Historical,-517,Submarine volcano,D1,14.601,144.775
123.230004936978162,10.770007001022288,67,37,0702-04=,Silay,Philippines-C,Holocene,1535,Stratovolcano,U,10.77,123.23
145.570002338437121,15.620006987732268,68,340,0804-201,Ruby,Mariana Is-C Pacific,Historical,-230,Submarine volcano,D1,15.62,145.57
123.220002800388897,10.615007322030287,69,38,0702-03=,Mandalagan,Philippines-C,Holocene,1879,Stratovolcano,U,10.615,123.22
145.249995081008137,15.000004445148994,70,341,0804-21=,Esmeralda Bank,Mariana Is-C Pacific,Fumarolic,-43,Submarine volcano,U,15,145.25
123.958001588102789,13.050006879014235,71,39,0703-02=,Pocdol Mountains,Luzon-Philippines,Holocene,1102,Compound volcano,U,13.05,123.958
167.327104431823983,55.418396357305994,72,342,1000-271,Piip,Kamchatka-E of,Tephrochronology,-300,Submarine volcano,D7,55.42,167.33
126.529999756583493,33.36999963897216,73,40,1006-04-,Halla,Korea,Historical,1950,Shield volcano,D6,33.37,126.53
-17.099976721848236,66.300012635274868,74,343,1703-10=,Tjornes Fracture Zone,Iceland-N of,Historical,0,Submarine volcano,D3,66.3,-17.1
124.050004420567447,12.770009148203599,75,41,0703-01=,Bulusan,Luzon-Philippines,Historical,1565,Stratovolcano,D1,12.77,124.05
-16.82997263263087,65.880006797175895,76,344,1703-09=,Theistareykjarbunga,Iceland,Tephrochronology,564,Shield volcano,D7,65.88,-16.83
-16.77997729211836,65.730012891281888,77,345,1703-08=,Krafla,Iceland-NE,Historical,650,Caldera,D1,65.73,-16.78
126.500001045911503,42.329999734200321,78,42,1005-05-,Longgang Group,China-E,Radiocarbon,1000,Cinder cones,D4,42.33,126.5
-16.649972558886475,65.430009817998652,79,346,1703-07=,Fremrinamur,Iceland-NE,Tephrochronology,939,Stratovolcano,D7,65.43,-16.65
127.330002592345735,38.330000957178406,80,43,1006-02-,Ch'uga-ryong,Korea,Holocene?,452,Shield volcano,?,38.33,127.33
124.535004848395019,11.523009828640685,81,44,0702-08=,Biliran,Philippines-C,Historical,1301,Compound volcano,D2,11.523,124.535
-16.749982773186446,65.030008293547894,82,347,1703-06=,Askja,Iceland-NE,Historical,1516,Stratovolcano,D2,65.03,-16.75
-18.499974744139138,66.670007918130864,83,348,1705-01=,Kolbeinsey Ridge,Iceland-N of,Historical,5,Submarine volcano,D4,66.67,-18.5
124.852997896036072,10.872011931405488,84,45,0702-07=,Mahagnoa,Philippines-C,Fumarolic,800,Stratovolcano,U,10.872,124.853
128.223999407246765,27.877003304758716,85,46,0802-02=,Iwo-Tori-shima,Ryukyu Is,Historical,212,Complex volcano,D1,27.877,128.224
-16.719976589148303,64.650011026987272,86,349,1703-05=,Kverkfjoll,Iceland-NE,Historical,1920,Stratovolcano,D1,64.65,-16.72
128.000000548286607,41.330000035673102,87,47,1006-01-,Xianjindao,Korea,Historical,0,Unknown,D5,41.33,128
-16.649975188504129,64.270006126081782,88,350,1704-02=,Esjufjoll,Iceland-SE,Historical,1760,Stratovolcano,D2,64.27,-16.65
128.080002352526549,41.979997550446569,89,48,1005-06-,Baitoushan,China-E,Historical,2744,Stratovolcano,D4,41.98,128.08
-16.649977254246892,64.000009475157114,90,351,1704-01=,Oraefajokull,Iceland-SE,Historical,2119,Stratovolcano,D4,64,-16.65
-17.529980189134449,64.630006844640135,91,352,1703-03=,B rdarbunga,Iceland-NE,Historical,2000,Stratovolcano,D2,64.63,-17.53
126.120003913349819,48.719997264662027,92,49,1005-03-,Wudalianchi,China-E,Historical,597,Volcanic field,D4,48.72,126.12
-17.329975660548314,64.420007731971211,93,353,1703-01=,Grimsvotn,Iceland-NE,Historical,1725,Caldera,D1,64.42,-17.33
128.850998169030277,32.653000801645639,94,50,0802-091,Fukue-jima,Kyushu-Japan,Tephrochronology,317,Shield volcanoes,D7,32.653,128.851
-17.919977761264647,64.730012994004426,95,354,1703-04=,Tungnafellsjokull,Iceland-NE,Holocene,1535,Stratovolcano,U,64.73,-17.92
125.919999404548761,49.369994793824674,96,51,1005-02-,Keluo Group,China-E,Holocene,670,Pyroclastic cones,U,49.37,125.92
125.221001609536643,10.287007317433739,97,52,0702-05=,Cabal¡an,Philippines-C,Fumarolic,945,Stratovolcano,U,10.287,125.221
-17.79997511695808,64.480012972920349,98,355,1703-02=,Loki-Fogrufjoll,Iceland-NE,Historical,1570,Subglacial volcano,D2,64.48,-17.8
128.830002090224184,44.079999217190107,99,53,1005-04-,Jingpohu,China-E,Radiocarbon,500,Volcanic field,D7,44.08,128.83
-18.919980028255679,64.780008526072606,100,356,1701-09=,Hofsjokull,Iceland-SW,Holocene,1782,Subglacial volcano,U,64.78,-18.92
129.597000104571066,29.461000493477965,101,54,0802-021,Akuseki-jima,Ryukyu Is,Holocene?,584,Stratovolcanoes,?,29.461,129.597
-19.319977983297292,64.630007037994389,102,357,1701-10=,Kerlingarfjoll,Iceland-SW,Holocene,1488,Stratovolcano,U,64.63,-19.32
129.716003365562869,29.63500212874521,103,55,0802-03=,Suwanose-jima,Ryukyu Is,Historical,799,Stratovolcanoes,D1,29.635,129.716
-19.97997992972995,64.750009857668758,104,358,1701-08=,Langjokull,Iceland-SW,Radiocarbon,1360,Stratovolcano,D6,64.75,-19.98
129.858993436797618,29.85600272714413,105,56,0802-04=,Nakano-shima,Ryukyu Is,Historical,979,Stratovolcanoes,D2,29.856,129.859
-19.169978703954026,63.920007914633516,106,359,1702-05=,Torfajokull,Iceland-S,Historical,1259,Stratovolcano,D6,63.92,-19.17
129.927001839962941,29.964006307345187,107,57,0802-041,Kuchino-shima,Ryukyu Is,Holocene,628,Stratovolcanoes,D7,29.964,129.927
-19.049976067741341,63.630010791065104,108,360,1702-03=,Katla,Iceland-S,Historical,1512,Subglacial volcano,D2,63.63,-19.05
130.294006144967511,32.756997036983648,109,58,0802-10=,Unzen,Kyushu-Japan,Historical,1500,Complex volcano,D1,32.757,130.294
-19.699979562107103,63.980009345155104,110,361,1702-07=,Hekla,Iceland-S,Historical,1491,Stratovolcano,D1,63.98,-19.7
130.218993942216571,30.440000259604293,111,59,0802-05=,Kuchinoerabu-jima,Ryukyu Is,Historical,657,Stratovolcanoes,D1,30.44,130.219
-19.669978896309033,63.920007966794216,112,362,1702-06=,Vatnafjoll,Iceland-S,Tephrochronology,1235,Fissure vents,D6,63.92,-19.67
130.307998434979709,30.789002983600749,113,60,0802-06=,Kikai,Ryukyu Is,Historical,704,Caldera,D1,30.789,130.308
-19.569976643707147,63.780008561345987,114,363,1702-04=,Tindfjallajokull,Iceland-S,Holocene,1463,Stratovolcano,U,63.78,-19.57
-20.57997682047392,64.60000838937566,115,364,1701-07=,Prestahnukur,Iceland-SW,Radiocarbon,1390,Subglacial volcano,D7,64.6,-20.58
130.593993838045094,31.768000848560298,116,61,0802-081,Sumiyoshi-ike,Kyushu-Japan,Radiocarbon,100,Maars,D7,31.768,130.594
130.570007025104019,31.22000259754185,117,62,0802-07=,Ibusuki Volc Field,Kyushu-Japan,Historical,922,Calderas,D6,31.22,130.57
-19.619981701394408,63.630010850420376,118,365,1702-02=,Eyjafjoll,Iceland-S,Historical,1666,Stratovolcano,D3,63.63,-19.62
130.656997357541968,31.585002249853908,119,63,0802-08=,Sakura-jima,Kyushu-Japan,Historical,1117,Stratovolcano,D1,31.585,130.657
-20.869981974988146,64.030008704737895,120,366,1701-06=,Grimsnes,Iceland-SW,Tephrochronology,214,Crater rows,D7,64.03,-20.87
130.869994745161307,37.499999381965893,121,64,1006-03-,Ulreung,Korea,Radiocarbon,984,Stratovolcano,D7,37.5,130.87
-20.279979996579581,63.43001014755027,122,367,1702-01=,Vestmannaeyjar,Iceland-S,Historical,279,Submarine volcanoes,D1,63.43,-20.28
130.863998027986554,31.931002808432819,123,65,0802-09=,Kirishima,Kyushu-Japan,Historical,1700,Shield volcano,D1,31.931,130.864
-21.329977347776378,64.180010281848965,124,368,1701-05=,Hengill,Iceland-SW,Radiocarbon,803,Crater rows,D6,64.18,-21.33
131.106002353925419,32.881001357726461,125,66,0802-11=,Aso,Kyushu-Japan,Historical,1592,Caldera,D1,32.881,131.106
131.251006582787568,33.083000956728768,126,67,0802-12=,Kuju,Kyushu-Japan,Historical,1791,Stratovolcanoes,D1,33.083,131.251
-22.229978865831981,64.870012838321813,127,369,1700-03=,Ljosufjoll,Iceland-W,Anthropology,988,Fissure vents,D6,64.87,-22.23
131.432006283563055,33.279999489684648,128,68,0802-13=,Tsurumi,Kyushu-Japan,Historical,1584,Lava domes,D6,33.28,131.432
-21.829981496249047,63.920008186228749,129,370,1701-04=,Brennisteinsfjoll,Iceland-SW,Historical,626,Crater rows,D6,63.92,-21.83
-22.099982055627379,63.930010348898456,130,371,1701-03=,Kr¡suv¡k,Iceland-SW,Historical,379,Crater rows,D6,63.93,-22.1
131.600005502651811,34.500000322356982,131,69,0803-001,Abu,Honshu-Japan,Holocene?,641,Shield volcanoes,?,34.5,131.6
-23.249979745668725,64.87001293904585,132,372,1700-02=,Lysuholl,Iceland-W,Holocene,540,Pyroclastic cones,U,64.87,-23.25
132.619994199372741,35.13000119110206,133,70,0803-002,Sanbe,Honshu-Japan,Radiocarbon,1126,Stratovolcano,D7,35.13,132.62
-22.499981859675078,63.880011149394988,134,373,1701-02=,Reykjanes,Iceland-SW,Historical,230,Crater rows,D6,63.88,-22.5
133.330000689979784,36.169997968731245,135,71,0803-003,Oki-Dogo,Honshu-Japan,Anthropology,151,Shield volcano,U,36.17,133.33
132.249998999254331,19.170007337668491,136,72,0801-011,Unnamed,Taiwan-E of,Uncertain,-10,Submarine volcano ?,?,19.17,132.25
-23.779982598518131,64.800013292079711,137,374,1700-01=,Snaefellsjokull,Iceland-W,Radiocarbon,1448,Stratovolcano,D6,64.8,-23.78
136.773999869498311,36.152000248512643,138,73,0803-05=,Haku-san,Honshu-Japan,Historical,2702,Stratovolcano,D5,36.152,136.774
-23.329978404080066,63.670008320727391,139,375,1701-01=,Reykjaneshryggur,Iceland-SW,Historical,80,Submarine volcanoes,D1,63.67,-23.33
137.499997250372758,46.999996675805896,140,74,1002-01-,Sikhote-Alin,Russia-SE,Holocene,0,Volcanic field,U,47,137.5
175.907959556088599,52.348432441004313,141,376,1101-01-,Buldir,Aleutian Is,Holocene?,656,Stratovolcano,?,52.35,175.911
137.499997568732738,36.399997462313024,142,75,0803-071,Washiba-Kumonotaira,Honshu-Japan,Tephrochronology,2924,Shield volcanoes,D7,36.4,137.5
-170.432731685818595,63.599107836357504,143,377,1104-05-,Kookooligit Mountains,Alaska-W,Holocene,673,Shield volcano,U,63.6,-1.7043
137.479993309043948,35.889999296330416,144,76,0803-04=,On-take,Honshu-Japan,Historical,3063,Complex volcano,D1,35.89,137.48
177.599136636846197,52.101438644877518,145,378,1101-02-,Kiska,Aleutian Is,Historical,1220,Stratovolcano,D1,52.103,177.602
137.592999858256803,36.568000494527162,146,77,0803-08=,Tate-yama,Honshu-Japan,Historical,2621,Stratovolcano,D3,36.568,137.593
178.133148393983078,52.013441281290049,147,379,1101-03-,Segula,Aleutian Is,Holocene,1160,Stratovolcano,U,52.015,178.136
137.557004390839893,36.103000482686134,148,78,0803-06=,Norikura,Honshu-Japan,Radiocarbon,3026,Stratovolcanoes,D7,36.103,137.557
178.327163870316326,51.968446955562513,149,380,1101-04-,Davidof,Aleutian Is,Holocene?,328,Stratovolcano,?,51.97,178.33
137.589993881512328,36.224002643407232,150,79,0803-07=,Yake-dake,Honshu-Japan,Historical,2455,Stratovolcano,D1,36.224,137.59
-163.922709468667023,65.599280336718152,151,381,1104-06-,Imuruk Lake,Alaska-W,Radiocarbon,610,Shield volcanoes,D6,65.6,-1.6392
138.038998861708023,36.917995052029994,152,80,0803-09=,Niigata-Yake-yama,Honshu-Japan,Historical,2400,Lava dome,D1,36.918,138.039
178.540176528424013,51.948450338312448,153,382,1101-05-,Little Sitkin,Aleutian Is,Historical,1174,Stratovolcano,D3,51.95,178.543
138.119992490460959,36.88800009782625,154,81,0803-10=,Myoko,Honshu-Japan,Radiocarbon,2446,Stratovolcano,D7,36.888,138.12
179.577255186777393,51.928465256666243,155,383,1101-06-,Semisopochnoi,Aleutian Is,Historical,1221,Stratovolcano,D1,51.93,179.58
134.749998289189648,20.930005020015638,156,82,0801-01=,Unnamed,Taiwan-E of,Uncertain,-6000,Submarine volcano ?,?,20.93,134.75
-178.792633387420835,51.7885232900178,157,384,1101-07-,Gareloi,Aleutian Is,Historical,1573,Stratovolcano,D1,51.79,-1.7879
138.300000381112682,36.099998323563739,158,83,0803-031,Tateshina,Honshu-Japan,Holocene,2530,Stratovolcanoes,U,36.1,138.3
-178.142578602920139,51.883566530670791,159,385,1101-08-,Tanaga,Aleutian Is,Historical,1806,Stratovolcanoes,D2,51.885,-1.7814
138.520001526049555,36.700000433073505,160,84,0803-121,Shiga,Honshu-Japan,Holocene?,2041,Shield volcanoes,?,36.7,138.52
-162.122475831994024,63.449256433437604,161,386,1104-04-,St. Michael,Alaska-W,Anthropology,715,Shield volcanoes,U,63.45,-1.6212
138.535000912861733,36.619994811211534,162,85,0803-12=,Kusatsu-Shirane,Honshu-Japan,Historical,2171,Stratovolcanoes,D1,36.62,138.535
138.525998232432471,36.402999637623168,163,86,0803-11=,Asama,Honshu-Japan,Historical,2568,Complex volcano,D1,36.403,138.526
-178.002563975546991,51.871565511439186,164,387,1101-09-,Takawangha,Aleutian Is,Holocene,1449,Stratovolcano,U,51.873,-1.78
139.370999073048779,41.506998233581612,165,87,0805-01=,Oshima-Oshima,Hokkaido-Japan,Historical,737,Stratovolcano,D4,41.507,139.371
-177.432510988091593,51.908591021858165,166,388,1101-10-,Bobrof,Aleutian Is,Holocene?,738,Stratovolcano,?,51.91,-1.7743
138.880993851484959,36.474002579955084,167,88,0803-122,Haruna,Honshu-Japan,Anthropology,1449,Stratovolcano,D6,36.474,138.881
-164.472358074565449,61.429210024722806,168,389,1104-03-,Ingakslugwat Hills,Alaska-W,Holocene,190,Cinder cones,U,61.43,-1.6447
138.731000015738118,35.357997971828922,169,89,0803-03=,Fuji,Honshu-Japan,Historical,3776,Stratovolcano,D4,35.358,138.731
-177.162522026370368,51.921599168466805,170,390,1101-11-,Kanaga,Aleutian Is,Historical,1307,Stratovolcano,D1,51.923,-1.7716
139.195996196467263,36.556995111135436,171,90,0803-13=,Akagi,Honshu-Japan,Uncertain,1828,Stratovolcano,?,36.557,139.196
-166.332281246981921,60.019198597337372,172,391,1104-02-,Nunivak Island,Alaska-W,Holocene,511,Shield volcano,U,60.02,-1.6633
139.288998480595296,36.951999266652805,173,91,0803-131,Hiuchi,Honshu-Japan,Historical,2356,Stratovolcano,D5,36.952,139.289
-176.742493419235899,51.942618195273432,174,392,1101-111,Moffett,Aleutian Is,Holocene?,1196,Stratovolcano,?,51.944,-1.7674
139.72999254012359,39.949999484988204,175,92,0803-262,Megata,Honshu-Japan,Tephrochronology,291,Maars,D7,39.95,139.73
-170.30238719861029,57.179034166293718,176,393,1104-01-,St. Paul Island,Alaska-W,Radiocarbon,203,Shield volcano,D7,57.18,-1.703
139.023999195906072,35.229999661155425,177,93,0803-02=,Hakone,Honshu-Japan,Radiocarbon,1438,Complex volcano,D7,35.23,139.024
-176.592499561905214,51.986620738756066,178,394,1101-112,Adagdak,Aleutian Is,Holocene?,610,Stratovolcano,?,51.988,-1.7659
-176.132492953886668,52.074656363100644,179,395,1101-12-,Great Sitkin,Aleutian Is,Historical,1740,Stratovolcano,D1,52.076,-1.7613
139.378994794274263,36.795997269858105,180,94,0803-14=,Nikko-Shirane,Honshu-Japan,Historical,2578,Shield volcano,D3,36.796,139.379
139.878994569343831,39.930998485591601,181,95,0803-261,Kanpu,Honshu-Japan,Radiocarbon,355,Stratovolcano,D7,39.931,139.879
-175.502457690569912,52.175688678489671,182,396,1101-13-,Kasatochi,Aleutian Is,Historical,314,Stratovolcano,D4,52.177,-1.755
139.098004304554934,34.90000174608371,183,96,0803-01=,Izu-Tobu,Honshu-Japan,Historical,1406,Pyroclastic cones,D1,34.9,139.098
-175.132447389035747,52.21870705698506,184,397,1101-14-,Koniuji,Aleutian Is,Uncertain,273,Stratovolcano,?,52.22,-1.7513
139.578991669629772,37.450000219334633,185,97,0803-151,Numazawa,Honshu-Japan,Radiocarbon,1100,Shield volcano,D7,37.45,139.579
-174.932419897160486,52.02870085096351,186,398,1101-15-,Sergief,Aleutian Is,Uncertain,560,Stratovolcano,?,52.03,-1.7493
139.494000253109107,36.762000698573331,187,98,0803-141,Nantai,Honshu-Japan,Holocene?,2486,Stratovolcano,?,36.762,139.494
-174.15240609466548,52.379744595336774,188,399,1101-16-,Atka,Aleutian Is,Historical,1533,Stratovolcanoes,D1,52.381,-1.7415
139.509991458139211,36.791999469499899,189,99,0803-142,Omanago Group,Honshu-Japan,Holocene,2367,Lava domes,U,36.792,139.51
139.156002951175196,34.215996217951094,190,100,0804-03=,Kozu-shima,Izu Is-Japan,Historical,572,Lava domes,D6,34.216,139.156
-172.512422195627806,52.313796315047853,191,400,1101-18-,Seguam,Aleutian Is,Historical,1054,Stratovolcanoes,D1,52.315,-1.7251
140.05199869008743,39.095999648465018,192,101,0803-22=,Chokai,Honshu-Japan,Historical,2233,Stratovolcanoes,D1,39.096,140.052
-171.2523668972145,52.498851223505135,193,401,1101-19-,Amukta,Aleutian Is,Historical,1066,Stratovolcano,D1,52.5,-1.7125
139.283001811984036,34.517002443607844,194,102,0804-011,To-shima,Izu Is-Japan,Tephrochronology,508,Stratovolcano,D7,34.517,139.283
-171.132371822501568,52.575858521853256,195,402,1101-20-,Chagulak,Aleutian Is,Holocene,1142,Stratovolcano,U,52.577,-1.7113
140.449993462828047,42.11999704222967,196,103,0805-021,Nigorigawa,Hokkaido-Japan,Pleistocene-Fumarolic,356,Hydrothermal field,Q,42.12,140.45
-170.622346891795587,52.641883356931366,197,403,1101-21-,Yunaska,Aleutian Is,Historical,550,Shield volcano,D2,52.643,-1.7062
-170.052293954702208,52.892940067030445,198,404,1101-23-,Carlisle,Aleutian Is,Historical,1620,Stratovolcano,D3,52.894,-1.7005
-169.772264753915209,53.063975847907038,199,405,1101-25-,Uliaga,Aleutian Is,Holocene,888,Stratovolcano,U,53.065,-1.6977
-170.112291453387826,52.740912948673611,200,406,1101-22-,Herbert,Aleutian Is,Holocene,1280,Stratovolcano,U,52.742,-1.7011
-169.94227807667184,52.823932215799118,201,407,1101-24-,Cleveland,Aleutian Is,Historical,1730,Stratovolcano,D1,52.825,-1.6994
-169.722246418637269,52.972961003447551,202,408,1101-26-,Kagamil,Aleutian Is,Historical,893,Stratovolcano,D2,52.974,-1.6972
-148.422373368136391,64.069551356409931,203,409,1105-001,Buzzard Creek,Alaska-E,Radiocarbon,830,Tuff rings,D7,64.07,-1.4842
-168.031969883003654,53.929137861922747,204,410,1101-30-,Bogoslof,Aleutian Is,Historical,150,Submarine volcano,D1,53.93,-1.6803
-168.692064723108473,53.129047082356912,205,411,1101-27-,Vsevidof,Aleutian Is,Historical,2149,Stratovolcano,D3,53.13,-1.6869
-168.532030573652008,53.156058970944734,206,412,1101-28-,Recheschnoi,Aleutian Is,Holocene,1984,Stratovolcano,U,53.157,-1.6853
-61.639996065565981,12.300001234569306,207,619,1600-16=,Kick 'em Jenny,W Indies,Historical,-185,Submarine volcano,D1,12.3,-61.64
-61.669994851780984,12.150001568517546,208,620,1600-17=,St. Catherine,W Indies,Holocene,840,Stratovolcano,U,12.15,-61.67
-110.820009961990138,19.300002107311396,209,621,1401-02=,Barcena,Mexico-Is,Historical,332,Cinder cones,D2,19.3,-1.1082
-96.52600795959961,19.809001074340067,210,622,1401-094,"Atlixcos, Los",Mexico,Holocene,800,Shield volcano,U,19.809,-96.526
-96.750007039793047,19.670003009131559,211,623,1401-095,Naolinco Volc Field,Mexico,Radiocarbon,2000,Pyroclastic cones,D7,19.67,-96.75
-99.757011572625984,19.724003869782734,212,624,1401-062,Jocotitlan,Mexico,Radiocarbon,3900,Stratovolcano,D6,19.724,-99.757
-97.450004165060136,19.680003238258845,213,625,1401-093,"Humeros, Los",Mexico,Holocene?,3150,Calderas,?,19.68,-97.45
-103.62001145126743,19.51400282986668,214,626,1401-04=,Colima,Mexico,Historical,3850,Stratovolcanoes,D1,19.514,-1.0362
-97.150008665867233,19.492001561722706,215,627,1401-096,Cofre de Perote,Mexico,Radiocarbon,4282,Shield volcano,D6,19.492,-97.15
-102.250008385878289,19.480002425671383,216,628,1401-06=,Michoacan-Guanajuato,Mexico,Historical,3860,Cinder cones,D2,19.48,-1.0225
-110.950007245238154,18.780003460391359,217,629,1401-021,Socorro,Mexico-Is,Historical,1050,Shield volcano,D1,18.78,-1.1095
-100.250007907838679,19.400002483927487,218,630,1401-061,Zitacuaro-Valle de Bravo,Mexico,Potassium-Argon,3500,Caldera,D7,19.4,-1.0025
-97.25000716559822,19.330002774908106,219,631,1401-097,"Gloria, La",Mexico,Holocene,3500,Volcanic field,U,19.33,-97.25
-98.70000447642542,19.308001501368153,220,632,1401-081,Papayo,Mexico,Holocene,3600,Lava dome,U,19.308,-98.7
-97.470008440936795,19.27000520157879,221,633,1401-092,Serdan-Oriental,Mexico,Holocene,3485,Tuff cones,U,19.27,-97.47
-98.030006140071293,19.23000236951372,222,634,1401-091,"Malinche, La",Mexico,Radiocarbon,4503,Stratovolcano,D7,19.23,-98.03
-97.270003813425205,19.150002426870511,223,635,1401-098,"Cumbres,  Las",Mexico,Radiocarbon,3940,Stratovolcano,D7,19.15,-97.27
-98.642005804624148,19.179003668884217,224,636,1401-082,Iztaccihuatl,Mexico,Holocene,5230,Stratovolcano,U,19.179,-98.642
-99.758011022490663,19.108002599840113,225,637,1401-07-,"Toluca, Nevado de",Mexico,Radiocarbon,4680,Stratovolcano,D7,19.108,-99.758
-99.13000488691597,19.080002715153171,226,638,1401-08=,Chichinautzin,Mexico,Radiocarbon,3930,Volcanic field,D6,19.08,-99.13
-97.268004910997831,19.030005374548359,227,639,1401-10=,"Orizaba, Pico de",Mexico,Historical,5675,Stratovolcano,D3,19.03,-97.268
-98.622009155897786,19.023005403376658,228,640,1401-09=,Popocatepetl,Mexico,Historical,5426,Stratovolcanoes,D1,19.023,-98.622
-95.169005350716347,18.572003173707465,229,641,1401-11=,San Martin,Mexico,Historical,1650,Shield volcano,D4,18.572,-95.169
-93.228002951175256,17.360002976156412,230,642,1401-12=,"Chichon, El",Mexico,Historical,1150,Lava domes,D1,17.36,-93.228
-86.900005916439852,16.100002400590313,231,643,1403-16-,Utila Island,Honduras,Holocene,74,Pyroclastic cones,U,16.1,-86.9
-87.980008055927044,14.980001257452047,232,644,1403-15-,"Yojoa, Lake",Honduras,Holocene,1090,Volcanic field,U,14.98,-87.98
-92.112005349667129,15.130001896570253,233,645,1401-13=,Tacana,Mexico,Historical,4060,Stratovolcano,D1,15.13,-92.112
-89.550008190025949,14.830000653407396,234,646,1402-20-,Chiquimula Volc Field,Guatemala,Holocene,1192,Cinder cones,U,14.83,-89.55
-91.903005660782583,15.034003105558838,235,647,1402-02=,Tajumulco,Guatemala,Holocene,4220,Stratovolcano,U,15.034,-91.903
-91.480009026495324,14.820002343433357,236,648,1402-04=,Almolonga,Guatemala,Historical,3197,Stratovolcano,D3,14.82,-91.48
-89.450002061346026,14.570000352834029,237,649,1402-21-,Quezaltepeque,Guatemala,Holocene,1200,Volcanic field,U,14.57,-89.45
-91.552007642438753,14.756000290480983,238,650,1402-03=,Santa Maria,Guatemala,Historical,3772,Stratovolcano,D1,14.756,-91.552
-89.630002416578236,14.550000845162877,239,651,1402-19-,Ipala,Guatemala,Holocene,1650,Stratovolcano,U,14.55,-89.63
-91.479001946782375,14.71000075023443,240,652,1402-05=,Santo Tom s,Guatemala,Pleistocene-Fumarolic,3542,Stratovolcanoes,Q,14.71,-91.479
-91.18900858238014,14.612001149333537,241,653,1402-07=,Toliman,Guatemala,Holocene,3158,Stratovolcano,U,14.612,-91.189
-91.186002600239817,14.583001812983241,242,654,1402-06=,Atitlan,Guatemala,Historical,3535,Stratovolcano,D3,14.583,-91.186
-89.680005483166511,14.420001649056859,243,655,1402-18-,Ixtepeque,Guatemala,Holocene,1292,Lava domes,U,14.42,-89.68
-89.90000676480031,14.430000929399341,244,656,1402-141,Tahual,Guatemala,Holocene,1716,Stratovolcano,U,14.43,-89.9
-89.780003984696123,14.400002140486375,245,657,1402-16-,Suchitan,Guatemala,Holocene,2042,Stratovolcanoes,U,14.4,-89.78
-90.876004958162312,14.50100200923532,246,658,1402-08=,Acatenango,Guatemala,Historical,3976,Stratovolcano,D1,14.501,-90.876
-90.743001686478621,14.465002699914642,247,659,1402-10=,Agua,Guatemala,Holocene,3760,Stratovolcano,U,14.465,-90.743
-90.880002762117783,14.47300021618703,248,660,1402-09=,Fuego,Guatemala,Historical,3763,Stratovolcano,D1,14.473,-90.88
-89.870007977685972,14.330001473689032,249,661,1402-15-,"Santiago, Cerro",Guatemala,Holocene,1192,Volcanic field,U,14.33,-89.87
-89.48000848010723,14.270001034220344,250,662,1403-001,San Diego,El Salvador,Holocene,781,Volcanic field,U,14.27,-89.48
-90.601003357918628,14.381001134794525,251,663,1402-11=,Pacaya,Guatemala,Historical,2552,Complex volcano,D1,14.381,-90.601
-90.000005267229255,14.300002687474027,252,664,1402-14-,Flores,Guatemala,Holocene,1600,Volcanic field,U,14.3,-90
-90.400006904095321,14.330001478185636,253,665,1402-111,Cuilapa-Barbarena,Guatemala,Holocene,1454,Volcanic field,U,14.33,-90.4
-89.730008551553397,14.120001377161831,254,666,1402-17-,Chingo,Guatemala,Holocene,1775,Stratovolcano,U,14.12,-89.73
-90.407003062141598,14.15600164515979,255,667,1402-12=,Tecuamburro,Guatemala,Radiocarbon,1845,Stratovolcano,D7,14.156,-90.407
-89.250005061884053,14.020002872034929,256,668,1403-051,"Cinotepeque, Cerro",El Salvador,Holocene,665,Volcanic field,U,14.02,-89.25
-89.650006698750133,14.050002616027882,257,669,1403-002,"Singuil, Cerro",El Salvador,Holocene,957,Cinder cones,U,14.05,-89.65
-90.100003771456898,14.030001203592631,258,670,1402-13-,Moyuta,Guatemala,Hot Springs,1662,Stratovolcano,U,14.03,-90.1
-89.120007773240104,13.900000091031343,259,671,1403-052,Guazapa,El Salvador,Holocene?,1438,Stratovolcano,?,13.9,-89.12
-89.550008198119826,13.870000353333635,260,672,1403-041,Coatepeque Caldera,El Salvador,Holocene,746,Caldera,U,13.87,-89.55
-89.786008324524516,13.89100122372747,261,673,1403-01=,Apaneca Range,El Salvador,Holocene,2036,Stratovolcanoes,U,13.891,-89.786
-89.630002421974154,13.853002058698044,262,674,1403-02=,Santa Ana,El Salvador,Historical,2381,Stratovolcano,D2,13.853,-89.63
-88.770001573114087,13.720000686382541,263,675,1403-071,Apastepeque Field,El Salvador,Holocene,700,Volcanic field,U,13.72,-88.77
-89.633008405013854,13.813001132296382,264,676,1403-03=,Izalco,El Salvador,Historical,1950,Stratovolcano,D1,13.813,-89.633
-89.294003794939144,13.734002541584006,265,677,1403-05=,San Salvador,El Salvador,Historical,1893,Stratovolcano,D2,13.734,-89.294
-89.053006413814956,13.67200224820516,266,678,1403-06=,Ilopango,El Salvador,Historical,450,Caldera,D3,13.672,-89.053
-88.837002936136571,13.595000652458117,267,679,1403-07=,San Vicente,El Salvador,Holocene,2182,Stratovolcano,U,13.595,-88.837
-88.320004500407379,13.475001682781382,268,680,1403-09=,Chinameca,El Salvador,Holocene,1228,Stratovolcano,U,13.475,-88.32
-88.502003758066962,13.494002696567184,269,681,1403-08=,Tecapa,El Salvador,Holocene,1593,Stratovolcano,U,13.494,-88.502
-88.105008102441943,13.428001736690749,270,682,1403-101,"Aramuaca, Laguna",El Salvador,Holocene,181,Maar,U,13.428,-88.105
-88.430005142123605,13.470002521499174,271,683,1403-082,"Tigre, El",El Salvador,Holocene,1640,Stratovolcano,U,13.47,-88.43
-88.269001983954354,13.434002258897115,272,684,1403-10=,San Miguel,El Salvador,Historical,2130,Stratovolcano,D1,13.434,-88.269
-86.40000578793672,13.170000322356998,273,685,1404-131,Esteli,Nicaragua,Holocene?,899,Fissure vents,?,13.17,-86.4
-87.630001865693529,13.330002132192636,274,686,1403-14-,"Zacate Grande, Isla",Honduras,Holocene,640,Stratovolcano,U,13.33,-87.63
-88.532002546080605,13.435002665640464,275,687,1403-072,Taburete,El Salvador,Holocene?,1172,Stratovolcano,?,13.435,-88.532
-88.471005520188612,13.419000959226878,276,688,1403-081,Usulutan,El Salvador,Holocene,1449,Stratovolcano,U,13.419,-88.471
-87.630001865693529,13.270000742140491,277,689,1403-13-,"Tigre, Isla el",Honduras,Holocene,783,Stratovolcano,U,13.27,-87.63
-87.853001501418134,13.277002622572972,278,690,1403-11=,Conchagua,El Salvador,Uncertain,1225,Stratovolcano,?,13.277,-87.853
-87.7650040407039,13.220000538993657,279,691,1403-12=,Conchaguita,El Salvador,Historical,505,Stratovolcano,D3,13.22,-87.765
-83.870006280065752,12.530001684130404,280,692,1404-14-,"Azul, Volcan",Nicaragua,Holocene,201,Cinder cones,U,12.53,-83.87
-87.57000429326348,12.980000698473415,281,693,1404-01=,Cosiguina,Nicaragua,Historical,872,Stratovolcano,D3,12.98,-87.57
-87.004002242609374,12.702000736944449,282,694,1404-02=,San Cristobal,Nicaragua,Historical,1745,Stratovolcano,D1,12.702,-87.004
-86.142002485026637,12.52999979465476,283,695,1404-132,"Ciguatepe, Cerro el",Nicaragua,Holocene?,603,Stratovolcano,?,12.53,-86.142
-86.84500561581649,12.602001278536125,284,696,1404-04=,Telica,Nicaragua,Historical,1061,Stratovolcanoes,D1,12.602,-86.845
-86.750004368107113,12.550001216982528,285,697,1404-06-,Rota,Nicaragua,Holocene,832,Stratovolcano,U,12.55,-86.75
-86.702007833794497,12.505999624982676,286,698,1404-07=,"Negro, Cerro",Nicaragua,Historical,728,Cinder cones,D1,12.506,-86.702
-86.688007891451036,12.495000895674769,287,699,1404-08=,"Pilas, Las",Nicaragua,Historical,1088,Complex volcano,D2,12.495,-86.688
-85.730007433596128,12.300000182362508,288,700,1404-133,"Lajas, Las",Nicaragua,Holocene?,926,Shield volcano,?,12.3,-85.73
-86.54000522486119,12.422000919706644,289,701,1404-09=,Momotombo,Nicaragua,Historical,1297,Stratovolcano,D2,12.422,-86.54
-86.342007123330077,12.242000560877152,290,702,1404-091,Apoyeque,Nicaragua,Radiocarbon,518,Pyroclastic shield,D7,12.242,-86.342
-86.320003944126725,12.12000078490826,291,703,1404-092,Nejapa-Miraflores,Nicaragua,Holocene,360,Fissure vents,U,12.12,-86.32
-86.161007317333826,11.984000111515904,292,704,1404-10=,Masaya,Nicaragua,Historical,635,Caldera,D1,11.984,-86.161
-85.980007510438213,11.919999961529024,293,705,1404-101,Granada,Nicaragua,Holocene,300,Fissure vents,U,11.92,-85.98
-85.968006469622864,11.826001025327052,294,706,1404-11=,Mombacho,Nicaragua,Holocene,1344,Stratovolcano,U,11.826,-85.968
-85.820003803932352,11.730000324155627,295,707,1404-111,Zapatera,Nicaragua,Holocene,629,Shield volcano,U,11.73,-85.82
-85.622005701501891,11.537999877792123,296,708,1404-12=,Concepcion,Nicaragua,Historical,1700,Stratovolcano,D1,11.538,-85.622
-85.515003412977151,11.446001749680976,297,709,1404-13-,Maderas,Nicaragua,Holocene,1394,Stratovolcano,U,11.446,-85.515
-85.473003589544021,10.980000103521945,298,710,1405-01=,Orosi,Costa Rica,Uncertain,1659,Stratovolcanoes,?,10.98,-85.473
-85.324001473089481,10.830000439268876,299,711,1405-02=,Rincon de la Vieja,Costa Rica,Historical,1916,Complex volcano,D1,10.83,-85.324
-85.153003803682566,10.748001587902914,300,712,1405-03=,Miravalles,Costa Rica,Historical,2028,Stratovolcano,D2,10.748,-85.153
-85.015003276380071,10.673000801146015,301,713,1405-031,Tenorio,Costa Rica,Holocene,1916,Stratovolcanoes,U,10.673,-85.015
-84.703006727378522,10.463000698323581,302,714,1405-033,Arenal,Costa Rica,Historical,1657,Stratovolcano,D1,10.463,-84.703
-84.978000704968579,10.450999660206136,303,715,1405-032,"Tilaran, Cerro",Costa Rica,Holocene?,634,Shield volcano,?,10.451,-84.978
-84.36600101523463,10.300000538893753,304,716,1405-034,Platanar,Costa Rica,Holocene,2267,Stratovolcanoes,U,10.3,-84.366
-84.233005371600598,10.200000126304751,305,717,1405-04=,Poas,Costa Rica,Historical,2708,Stratovolcano,D1,10.2,-84.233
-84.100002098118296,10.13500052555378,306,718,1405-05=,Barva,Costa Rica,Tephrochronology,2906,Complex volcano,D7,10.135,-84.1
-83.770000171170921,10.02999999390458,307,719,1405-07=,Turrialba,Costa Rica,Historical,3340,Stratovolcano,D3,10.03,-83.77
-168.131975789551035,53.429099761344901,308,413,1101-29-,Okmok,Aleutian Is,Historical,1073,Shield volcano,D1,53.43,-1.6813
-166.921908358284071,53.890147991136857,309,414,1101-31-,Makushin,Aleutian Is,Historical,1800,Stratovolcano,D1,53.891,-1.6692
-166.671908416340301,53.96713242152402,310,415,1101-311,Table Top-Wide Bay,Aleutian Is,Holocene,792,Cinder cones,U,53.968,-1.6667
139.272992050043058,34.393001932393247,311,104,0804-02=,Nii-jima,Izu Is-Japan,Historical,432,Lava domes,D6,34.393,139.273
140.307003448250498,40.652998406051545,312,105,0803-27=,Iwaki,Honshu-Japan,Historical,1625,Stratovolcano,D3,40.653,140.307
-152.412193743246604,61.639413212449767,313,416,1103-05-,Hayes,Alaska-SW,Radiocarbon,3034,Stratovolcano,D6,61.64,-1.5241
139.779995647181295,36.896998983116525,314,106,0803-143,Takahara,Honshu-Japan,Holocene,1795,Stratovolcano,D7,36.897,139.78
-165.981967153161548,54.133129045568985,315,417,1101-32-,Akutan,Aleutian Is,Historical,1303,Stratovolcano,D1,54.134,-1.6598
139.39799200932373,34.721000947735547,316,107,0804-01=,Oshima,Izu Is-Japan,Historical,764,Stratovolcano,D1,34.721,139.398
140.630001309412819,42.880002781802887,317,108,0805-031,Niseko,Hokkaido-Japan,Tephrochronology,1154,Stratovolcanoes,D7,42.88,140.63
140.179989386201214,38.599993784185756,318,109,0803-191,Hijiori,Honshu-Japan,Radiocarbon,516,Caldera,D7,38.6,140.18
139.966000225330049,37.122001207589612,319,110,0803-15=,Nasu,Honshu-Japan,Historical,1915,Stratovolcanoes,D2,37.122,139.966
140.680996200514187,42.061002771460721,320,111,0805-02=,Komaga-take,Hokkaido-Japan,Historical,1131,Stratovolcano,D1,42.061,140.681
140.076000793301887,37.597995176935854,321,112,0803-16=,Bandai,Honshu-Japan,Historical,1819,Stratovolcano,D3,37.598,140.076
140.820003693315698,42.82999974848957,322,113,0805-032,Yotei,Hokkaido-Japan,Tephrochronology,1898,Stratovolcano,D7,42.83,140.82
140.842998693434879,42.540998365981807,323,114,0805-03=,Usu,Hokkaido-Japan,Historical,737,Stratovolcano,D1,42.541,140.843
139.52900393918037,34.078999039074347,324,115,0804-04=,Miyake-jima,Izu Is-Japan,Historical,815,Stratovolcano,D1,34.079,139.529
140.915996707981662,42.766996228992753,325,116,0805-033,Shiribetsu,Hokkaido-Japan,Holocene,1107,Stratovolcano,U,42.767,140.916
140.247997808252194,37.731997825639091,326,117,0803-18=,Azuma,Honshu-Japan,Historical,2035,Stratovolcanoes,D1,37.732,140.248
140.285992183492453,37.644000415286946,327,118,0803-17=,Adatara,Honshu-Japan,Historical,1718,Stratovolcanoes,D1,37.644,140.286
141.249996114229248,45.179997580024292,328,119,0805-041,Rishiri,Hokkaido-Japan,Radiocarbon,1721,Stratovolcano,D7,45.18,141.25
139.60499268786225,33.871002734588487,329,120,0804-041,Mikura-jima,Izu Is-Japan,Tephrochronology,851,Stratovolcano,D7,33.871,139.605
140.442989805335174,38.140998104079237,330,121,0803-19=,Zao,Honshu-Japan,Historical,1841,Complex volcano,D2,38.141,140.443
140.760998081196476,39.960997271806598,331,122,0803-26=,Akita-Yake-yama,Honshu-Japan,Historical,1366,Complex volcano,D1,39.961,140.761
140.880993138822191,40.655996768236264,332,123,0803-28=,Hakkoda Group,Honshu-Japan,Radiocarbon,1585,Stratovolcanoes,D,40.656,140.881
141.162990660590481,42.488996434737643,333,124,0805-034,Kuttara,Hokkaido-Japan,Tephrochronology,581,Stratovolcanoes,D3,42.489,141.163
140.802990262190747,39.757998216644353,334,125,0803-23=,Akita-Komaga-take,Honshu-Japan,Historical,1637,Stratovolcanoes,D1,39.758,140.803
140.919994597372693,40.46999981364047,335,126,0803-271,Towada,Honshu-Japan,Historical,1159,Caldera,D6,40.47,140.92
141.055996108033924,41.435999143045976,336,127,0803-30-,Mutsu-Hiuchi-dake,Honshu-Japan,Pleistocene-Fumarolic,781,Stratovolcano,Q,41.436,141.056
140.856991094063687,39.955000571718976,337,128,0803-25=,Hachimantai,Honshu-Japan,Holocene?,1614,Stratovolcano,?,39.955,140.857
139.679989618326204,33.400006022659795,338,129,0804-042,Kurose Hole,Izu Is-Japan,Holocene?,-107,Submarine volcano,?,33.4,139.68
141.169994470968049,41.801996355747171,339,130,0805-011,E-san,Hokkaido-Japan,Historical,618,Stratovolcano,D3,41.802,141.17
140.73199116715864,38.733000803344396,340,131,0803-20=,Narugo,Honshu-Japan,Historical,470,Caldera,D6,38.733,140.732
141.123989256898653,41.275999342295776,341,132,0803-29=,Osore-yama,Honshu-Japan,Historical,879,Stratovolcano,D4,41.276,141.124
140.792003960614238,38.957999212893355,342,133,0803-21=,Kurikoma,Honshu-Japan,Historical,1628,Stratovolcano,D2,38.958,140.792
141.329998045273555,42.699998729457768,343,134,0805-04=,Shikotsu,Hokkaido-Japan,Historical,1320,Caldera,D1,42.7,141.33
141.003994225353154,39.849997247674814,344,135,0803-24=,Iwate,Honshu-Japan,Historical,2041,Complex volcano,D2,39.85,141.004
139.768994110189965,33.130001832718392,345,136,0804-05=,Hachijo-jima,Izu Is-Japan,Historical,854,Stratovolcanoes,D5,33.13,139.769
139.76199033218802,32.45399953784834,346,137,0804-06=,Aoga-shima,Izu Is-Japan,Historical,423,Stratovolcano,D4,32.454,139.762
139.850003003136067,32.100003370459142,347,138,0804-061,Myojin Knoll,Izu Is-Japan,Holocene?,360,Submarine volcano,?,32.1,139.85
139.919995048132932,31.880000310865622,348,139,0804-07=,Bayonnaise Rocks,Izu Is-Japan,Historical,11,Submarine volcano,D1,31.88,139.92
140.053997695936914,31.436000204445865,349,140,0804-08=,Smith Rock,Izu Is-Japan,Historical,136,Submarine volcano,D2,31.436,140.054
142.6899981952605,43.415998168180913,350,141,0805-05=,Tokachi,Hokkaido-Japan,Historical,2077,Stratovolcanoes,D1,43.416,142.69
142.857997397262011,43.6609970368837,351,142,0805-06=,Daisetsu,Hokkaido-Japan,Tephrochronology,2290,Stratovolcanoes,D6,43.661,142.858
140.305996525019509,30.48000112575135,352,143,0804-09=,Tori-shima,Izu Is-Japan,Historical,394,Stratovolcano,D1,30.48,140.306
143.035991126689055,43.452996916574406,353,144,0805-061,Nipesotsu-Upepesanke,Hokkaido-Japan,Historical,2013,Lava domes,D3,43.453,143.036
143.095988674837372,43.311998117019463,354,145,0805-062,Shikaribetsu Group,Hokkaido-Japan,Holocene?,1430,Lava domes,?,43.312,143.096
144.012995832291722,43.383996719472968,355,146,0805-07=,Akan,Hokkaido-Japan,Historical,1499,Caldera,D1,43.384,144.013
144.429987881235661,43.549997053221432,356,147,0805-08=,Kutcharo,Hokkaido-Japan,Tephrochronology,999,Caldera,D6,43.55,144.43
144.564997603356687,43.5699975096773,357,148,0805-081,Mashu,Hokkaido-Japan,Radiocarbon,855,Caldera,D6,43.57,144.565
143.729987192854651,66.429992673123309,358,149,1001-03-,Balagan-Tas,Russia-NE,Historical,993,Cinder cone,D4,66.43,143.73
140.882000373218602,27.274000843763918,359,150,0804-092,Nishino-shima,Volcano Is-Japan,Historical,38,Caldera,D1,27.274,140.882
145.126002037763783,44.072999558083097,360,151,0805-082,Rausu,Hokkaido-Japan,Tephrochronology,1660,Stratovolcano,D3,44.073,145.126
145.164988228523839,44.131002015130889,361,152,0805-09=,Shiretoko-Iwo-zan,Hokkaido-Japan,Historical,1563,Stratovolcano,D2,44.131,145.165
145.508997540604014,43.840997375028792,362,153,0900-01=,Golovnin,Kuril Is,Historical,543,Caldera,D3,43.841,145.509
145.735987208342976,43.975999482589998,363,154,0900-02=,Mendeleev,Kuril Is,Historical,888,Stratovolcano,D3,43.976,145.736
141.102001520853491,26.122000776314735,364,155,0804-10=,Kaitoku Seamount,Volcano Is-Japan,Historical,-103,Submarine volcano,D1,26.122,141.102
146.134989130943609,44.419995806461237,365,156,0900-021,Smirnov,Kuril Is,Holocene,1189,Stratovolcano,U,44.42,146.135
146.255991295261992,44.350999400002308,366,157,0900-03=,Tiatia,Kuril Is,Historical,1819,Stratovolcano,D1,44.351,146.256
141.283993038048266,25.424004855739486,367,158,0804-11=,Kita-Iwo-jima,Volcano Is-Japan,Historical,792,Stratovolcano,D2,25.424,141.284
146.935999014043205,44.458997290192755,368,159,0900-04=,Berutarube,Kuril Is,Holocene,1221,Stratovolcano,U,44.459,146.936
141.289989731840592,24.754003083075808,369,160,0804-12=,Iwo-jima,Volcano Is-Japan,Historical,161,Caldera,D1,24.754,141.29
146.993997642676959,44.607999327506938,370,161,0900-041,Lvinaya Past,Kuril Is,Radiocarbon,528,Stratovolcano,D7,44.608,146.994
147.134988796195898,44.805001691574766,371,162,0900-05=,Atsonupuri,Kuril Is,Historical,1206,Stratovolcano,D2,44.805,147.135
147.207986803548124,45.029996294293547,372,163,0900-061,Unnamed,Kuril Is,Uncertain,-930,Submarine volcano,?,45.03,147.208
147.341989463043205,44.832997755042349,373,164,0900-06-,Bogatyr Ridge,Kuril Is,Holocene,1634,Stratovolcano,U,44.833,147.342
141.419002751175981,24.414003035911371,374,165,0804-121,Kita-Fukutokutai,Volcano Is-Japan,Historical,-73,Submarine volcano,D2,24.414,141.419
141.484996993116738,24.280006114090888,375,166,0804-13=,Fukutoku-Okanoba,Volcano Is-Japan,Historical,-14,Submarine volcano,D1,24.28,141.485
147.924997056868619,45.337998713969455,376,167,0900-09=,Chirip,Kuril Is,Historical,1587,Stratovolcanoes,D3,45.338,147.925
147.921991101707931,45.025998520914982,377,168,0900-07=,Grozny Group,Kuril Is,Historical,1211,Complex volcanoes,D1,45.026,147.922
148.023996069862733,45.096997651920042,378,169,0900-08=,Baransky,Kuril Is,Historical,1132,Stratovolcano,D2,45.097,148.024
148.349999986010516,45.249997503082284,379,170,0900-091,Golets-Tornyi Group,Kuril Is,Holocene?,442,Pyroclastic cones,?,45.25,148.35
141.939998682393252,23.497005409472017,380,171,0804-131,Minami-Hiyoshi,Volcano Is-Japan,Historical,-30,Submarine volcano,D1,23.497,141.94
-152.252159323993567,61.298409844738501,381,418,1103-04-,Spurr,Alaska-SW,Historical,3374,Stratovolcano,D1,61.299,-1.5225
148.849999813240743,45.499997458515843,382,172,0900-11-,Demon,Kuril Is,Holocene,1205,Stratovolcano,U,45.5,148.85
148.842996040634716,45.386998525661397,383,173,0900-10=,Medvezhia,Kuril Is,Historical,1125,Somma volcano,D1,45.387,148.843
142.307994785830601,23.075004652942361,384,174,0804-132,Nikko,Volcano Is-Japan,Uncertain,-391,Submarine volcano,?,23.075,142.308
149.679986109871038,45.769997882995867,385,175,0900-111,Ivao Group,Kuril Is,Holocene,1426,Cinder cones,U,45.77,149.68
149.829995209811045,45.879998471652137,386,176,0900-112,Rudakov,Kuril Is,Holocene?,542,Stratovolcano,?,45.88,149.83
149.91999151629534,45.929993885909084,387,177,0900-113,Tri Sestry,Kuril Is,Holocene?,998,Stratovolcano,?,45.93,149.92
150.049996348452623,46.041997189218876,388,178,0900-12=,Kolokol Group,Kuril Is,Historical,1328,Somma volcanoes,D1,46.042,150.05
-164.651980876416275,54.517101350646783,389,419,1101-34-,Westdahl,Aleutian Is,Historical,1654,Stratovolcano ?,D1,54.518,-1.6465
150.499993155859443,46.099995852926263,390,179,0900-13-,Unnamed,Kuril Is,Uncertain,-100,Submarine volcano ?,?,46.1,150.5
150.874993000426571,46.524995000418926,391,180,0900-15=,Chirpoi,Kuril Is,Historical,742,Caldera,D1,46.525,150.875
-164.431979731479373,54.649108965806079,392,420,1101-35-,Fisher,Aleutian Is,Historical,1112,Stratovolcano,D3,54.65,-1.6443
151.279991663584383,46.469998543497979,393,181,0900-16-,Unnamed,Kuril Is,Hydrophonic,-502,Submarine volcano,D1,46.47,151.28
144.47999128417041,26.130003982597714,394,182,0804-093,Unnamed,Volcano Is-Japan,Uncertain,-3200,Submarine volcano ?,?,26.13,144.48
151.749992705498926,46.82999908668846,395,183,0900-17=,Goriaschaia Sopka,Kuril Is,Historical,891,Stratovolcano,D2,46.83,151.75
151.779991477324785,46.820000769519872,396,184,0900-161,Milne,Kuril Is,Holocene,1540,Somma volcano,U,46.82,151.78
151.949989583552338,46.92499266497947,397,185,0900-18=,Zavaritzki Caldera,Kuril Is,Historical,624,Caldera,D2,46.925,151.95
152.119987691578672,47.019997685344883,398,186,0900-19=,Prevo Peak,Kuril Is,Historical,1360,Stratovolcano,D3,47.02,152.12
152.22998825775187,47.11999614010977,399,187,0900-191,Urataman,Kuril Is,Holocene,678,Somma volcano,U,47.12,152.23
142.899989816576749,21.000004533882127,400,188,0804-136,Unnamed,Mariana Is-C Pacific,Uncertain,0,Submarine volcano ?,?,21,142.9
6.850021497294279,50.170000724154079,401,189,0100-01-,West Eifel Volc Field,Germany,Radiocarbon,600,Maars,D7,50.17,6.85
152.474998534354768,47.349995639087467,402,190,0900-20=,Ketoi,Kuril Is,Historical,1172,Stratovolcano,D2,47.35,152.475
143.469996999761634,21.930004535980512,403,191,0804-133,Fukujin,Volcano Is-Japan,Historical,-217,Submarine volcano,D1,21.93,143.47
152.799995365393784,47.519997598010725,404,192,0900-21=,Ushishur,Kuril Is,Historical,401,Caldera,D3,47.52,152.8
152.919990436509352,47.599995601715648,405,193,0900-211,Srednii,Kuril Is,Holocene,36,Submarine volcano,U,47.6,152.92
153.019996489646246,47.769997548947686,406,194,0900-22=,Rasshua,Kuril Is,Historical,956,Stratovolcano,D2,47.77,153.02
153.249992083767552,48.291996794416491,407,195,0900-25=,Raikoke,Kuril Is,Historical,551,Stratovolcano,D2,48.292,153.25
153.199989072037965,48.091996077157198,408,196,0900-24=,Sarychev Peak,Kuril Is,Historical,1496,Stratovolcano,D1,48.092,153.2
153.479987650909266,48.979996367338444,409,197,0900-26=,Chirinkotan,Kuril Is,Historical,724,Stratovolcano,D1,48.98,153.48
143.636989132842132,21.600002805085346,410,198,0804-135,Minami Kasuga,Volcano Is-Japan,Holocene,-170,Submarine volcano,U,21.6,143.637
143.710002421474542,21.765005574847411,411,199,0804-134,Kasuga,Volcano Is-Japan,Historical,-598,Submarine volcano,D2,21.765,143.71
153.329993917685101,48.079998863856474,412,200,0900-23=,Unnamed,Kuril Is,Historical,-150,Submarine volcano,D2,48.08,153.33
143.199992767552089,20.300002078333236,413,201,0804-137,Unnamed,Mariana Is-C Pacific,Uncertain,0,Submarine volcano ?,?,20.3,143.2
153.929984466409906,48.957997039931399,414,202,0900-27=,Ekarma,Kuril Is,Historical,1170,Stratovolcano,D1,48.958,153.93
154.019996061369056,48.769997364386825,415,203,0900-28=,Kuntomintar,Kuril Is,Pleistocene-Fumarolic,828,Hydrothermal field,Q,48.77,154.02
154.174994779885054,48.874996891493318,416,204,0900-29=,Sinarka,Kuril Is,Historical,934,Stratovolcano,D3,48.875,154.175
154.507987199949298,49.119995785377171,417,205,0900-30=,Kharimkotan,Kuril Is,Historical,1145,Stratovolcano,D2,49.12,154.508
154.699988452105373,49.349995284354868,418,206,0900-31=,Tao-Rusyr Caldera,Kuril Is,Historical,1325,Stratovolcano,D2,49.35,154.7
-163.142047933964932,55.423122582441174,419,421,1101-39-,Amak,Aleutian Is,Historical,488,Stratovolcano,D4,55.424,-1.6314
-163.972003625766689,54.755115639175351,420,422,1101-36-,Shishaldin,Aleutian Is,Historical,2857,Stratovolcano,D1,54.756,-1.6397
-163.722003654145283,54.764114543351461,421,423,1101-37-,Isanotski,Aleutian Is,Uncertain,2446,Stratovolcano,U,54.765,-1.6372
-152.742301577056082,60.484406831010396,422,424,1103-03-,Redoubt,Alaska-SW,Historical,3108,Stratovolcano,D1,60.485,-1.5274
-163.582004292763855,54.799114406404726,423,425,1101-38-,Roundtop,Aleutian Is,Holocene,1871,Stratovolcano,U,54.8,-1.6358
-162.812030729334651,55.081123609467006,424,426,1102-01-,Frosty,Alaska Peninsula,Holocene,2012,Stratovolcanoes,U,55.082,-1.6281
-153.092246340895883,60.031384804065453,425,427,1103-02-,Iliamna,Alaska-SW,Historical,3053,Stratovolcano,D3,60.032,-1.5309
-162.07205593233536,55.34013781600737,426,428,1102-02-,Emmons Lake,Alaska Peninsula,Holocene,1436,Caldera,U,55.341,-1.6207
-161.842029755868509,55.452148793232197,427,429,1102-04-,Pavlof Sister,Alaska Peninsula,Historical,2142,Stratovolcano,D4,55.453,-1.6184
-161.882038283340023,55.419144030272776,428,430,1102-03-,Pavlof,Alaska Peninsula,Historical,2519,Stratovolcano,D1,55.42,-1.6188
-162.272052787905778,55.167126025845384,429,431,1102-011,Dutton,Alaska Peninsula,Holocene,1506,Stratovolcano,U,55.168,-1.6227
-161.212040268943213,55.640167663906531,430,432,1102-05-,Dana,Alaska Peninsula,Radiocarbon,1354,Stratovolcano,D7,55.641,-1.6121
-153.432135440498143,59.362347932910723,431,433,1103-01-,Augustine,Alaska-SW,Historical,1252,Lava domes,D1,59.363,-1.5343
-156.512105748981099,57.831276864635583,432,434,1102-131,Ukinrek Maars,Alaska Peninsula,Historical,91,Maars,D1,57.832,-1.5651
-160.002064299627705,55.929192162588208,433,435,1102-051,Stepovak,Alaska Peninsula,Holocene,1555,Cinder cones,U,55.93,-1.6
-159.792072896846662,56.01019728107962,434,436,1102-06-,Kupreanof,Alaska Peninsula,Historical,1895,Stratovolcano,D1,56.011,-1.5979
-158.172078306268787,56.87923125511832,435,437,1102-09-,Aniakchak,Alaska Peninsula,Historical,1341,Caldera,D2,56.88,-1.5817
-158.782063457962153,56.551213005076079,436,438,1102-08-,Black Peak,Alaska Peninsula,Radiocarbon,1032,Stratovolcano,D7,56.552,-1.5878
-156.362111817906026,57.750279427253759,437,439,1102-13-,Ugashik-Peulik,Alaska Peninsula,Historical,1474,Stratovolcano,D3,57.751,-1.5636
-159.382023561937757,56.16920153772076,438,440,1102-07-,Veniaminof,Alaska Peninsula,Historical,2507,Stratovolcano,D1,56.17,-1.5938
-155.09206215844182,58.353306917280392,439,441,1102-19-,Griggs,Alaska Peninsula,Holocene,2317,Stratovolcano,U,58.354,-1.5509
-155.36208157660343,58.171300054054193,440,442,1102-14-,Martin,Alaska Peninsula,Historical,1863,Stratovolcano,D2,58.172,-1.5536
-155.152059667919332,58.26930346628194,441,443,1102-18-,Novarupta,Alaska Peninsula,Historical,841,Caldera,D2,58.27,-1.5515
-155.252080984349902,58.194302693014833,442,444,1102-15-,Mageik,Alaska Peninsula,Holocene,2165,Stratovolcano,U,58.195,-1.5525
-155.102071858329566,58.235303079173718,443,445,1102-16-,Trident,Alaska Peninsula,Historical,1864,Stratovolcano,D1,58.236,-1.551
-154.962072498746778,58.279305630750223,444,446,1102-17-,Katmai,Alaska Peninsula,Historical,2047,Stratovolcano,D2,58.28,-1.5496
-154.682043245799122,58.335313054254001,445,447,1102-20-,Snowy Mountain,Alaska Peninsula,Holocene,2162,Stratovolcanoes,U,58.336,-1.5468
-153.542089970375798,58.854333273861471,446,448,1102-27-,Douglas,Alaska Peninsula,Holocene,2140,Stratovolcano,U,58.855,-1.5354
-154.442053066695621,58.417317632502716,447,449,1102-21-,Denison,Alaska Peninsula,Uncertain,2287,Stratovolcano,?,58.418,-1.5444
-153.672094799835094,58.769330360407764,448,450,1102-26-,Fourpeaked,Alaska Peninsula,Holocene?,2105,Stratovolcano,?,58.77,-1.5367
-154.022085538816555,58.607323939248374,449,451,1102-25-,Kaguyak,Alaska Peninsula,Holocene,901,Stratovolcano,D7,58.608,-1.5402
-154.402044530230853,58.429318675116726,450,452,1102-22-,Steller,Alaska Peninsula,Holocene,2272,Stratovolcano,U,58.43,-1.544
-154.352056752117363,58.452317491059297,451,453,1102-23-,Kukak,Alaska Peninsula,Fumarolic,2043,Stratovolcano,U,58.453,-1.5435
-156.992085829297537,57.134262993842064,452,454,1102-11-,Chiginagak,Alaska Peninsula,Historical,2221,Stratovolcano,D1,57.135,-1.5699
-157.182072942712068,57.018258031183159,453,455,1102-10-,Yantarni,Alaska Peninsula,Tephrochronology,1345,Stratovolcano,D7,57.019,-1.5718
-155.422094227966198,57.869298115215834,454,456,1102-132,Unnamed,Alaska Peninsula,Holocene,300,Lava dome,U,57.87,-1.5542
-156.742085878360569,57.202271449167988,455,457,1102-12-,Kialagvik,Alaska Peninsula,Holocene,1677,Stratovolcano,U,57.203,-1.5674
-144.132149579339568,62.219584226730653,456,458,1105-01-,Sanford,Alaska-E,Holocene?,4949,Shield volcano,?,62.22,-1.4413
-144.022133539431252,61.999560146383608,457,459,1105-02-,Wrangell,Alaska-E,Historical,4317,Shield volcano,D2,62,-1.4402
-143.082146414025772,62.129607140557084,458,460,1105-021,Gordon,Alaska-E,Holocene?,2755,Cinder cones,?,62.13,-1.4308
-137.382103906370162,62.92974080789196,459,461,1200-01-,Fort Selkirk,Canada,Holocene?,1239,Volcanic field,?,62.93,-1.3738
-141.752067669887026,61.379607392067442,460,462,1105-03-,Churchill,Alaska-E,Radiocarbon,5005,Stratovolcano,D6,61.38,-1.4175
-34.499987962774242,49.00000963733487,461,463,1801-02=,Unnamed,Atlantic-N,Historical,-1650,Submarine volcano,D3,49,-34.5
-13.629982781580113,29.030004700756312,462,464,1803-06-,Lanzarote,Canary Is,Historical,670,Fissure vents,D3,29.03,-13.63
-14.019986078794489,28.358005621961862,463,465,1803-05-,Fuerteventura,Canary Is,Holocene,529,Fissure vents,U,28.358,-14.02
-25.829986042421922,39.950008726421572,464,466,1801-03=,Unnamed,Atlantic-N,Uncertain,-2835,Submarine volcano,?,39.95,-25.83
-135.42191208237665,60.419697095244715,465,467,1200-02-,Alligator Lake,Canada,Holocene,2217,Volcanic field,U,60.42,-1.3542
-15.579983024097317,28.000005776245587,466,468,1803-04-,Gran Canaria,Canary Is,Radiocarbon,1950,Fissure vents,D7,28,-15.58
-25.319983893341995,37.77000805772564,467,469,1802-10=,Furnas,Azores,Historical,805,Stratovolcano,D5,37.77,-25.32
-133.321828985619163,59.679730091770288,468,470,1200-03-,Atlin Volc Field,Canada,Holocene,1880,Cinder cones,U,59.68,-1.3332
-25.469985459661245,37.770008063121558,469,471,1802-09=,Agua de Pau,Azores,Historical,947,Stratovolcano,D5,37.77,-25.47
-25.669986274946609,37.780006391981367,470,472,1802-081,Unnamed,Azores,Historical,350,Pyroclastic cones,D5,37.78,-25.67
-25.779986910367594,37.870006562852545,471,473,1802-08=,Sete Cidades,Azores,Historical,856,Stratovolcano,D3,37.87,-25.78
-16.64098694039501,28.271007646185911,472,474,1803-03-,Tenerife,Canary Is,Historical,3715,Stratovolcano,D2,28.271,-16.641
-25.879985424487757,37.600006063728806,473,475,1802-11=,Monaco Bank,Azores,Historical,-197,Submarine volcano,D2,37.6,-25.88
-26.629987501322152,38.230007258927856,474,476,1802-07=,Don Joao de Castro Bank,Azores,Historical,-14,Submarine volcano,D4,38.23,-26.63
-27.319984383072835,38.730007363149234,475,477,1802-05=,Terceira,Azores,Historical,1023,Stratovolcanoes,D1,38.73,-27.32
-27.969986072499239,39.020008347507208,476,478,1802-04=,Graciosa,Azores,Holocene,402,Stratovolcano,U,39.02,-27.97
-130.581807695868463,59.369778733301878,477,479,1200-031,Tuya Volc Field,Canada,Holocene,2123,Volcanic field,U,59.37,-1.3058
-28.079986732201917,38.650009357645729,478,480,1802-03=,San Jorge,Azores,Historical,1053,Fissure vent,D2,38.65,-28.08
-17.829986381266508,28.570005586788394,479,481,1803-01-,La Palma,Canary Is,Historical,2426,Stratovolcanoes,D1,28.57,-17.83
-131.971745795631932,58.599717034513503,480,482,1200-04-,Heart Peaks,Canada,Holocene?,2012,Shield volcano,?,58.6,-1.3197
-28.399988430921326,38.470009032091127,481,483,1802-02=,Pico,Azores,Historical,2351,Stratovolcano,D4,38.47,-28.4
-28.729986533052056,38.600006317137797,482,484,1802-01=,Fayal,Azores,Historical,1043,Stratovolcano,D2,38.6,-28.73
-131.35175049978568,58.419724453021054,483,485,1200-05-,Level Mountain,Canada,Holocene?,2190,Shield volcano,?,58.42,-1.3135
-135.751820471737346,57.049644768091518,484,486,1105-04-,Edgecumbe,Alaska-E,Radiocarbon,970,Stratovolcanoes,D7,57.05,-1.3575
-18.029985289989156,27.730005289712324,485,487,1803-02-,Hierro,Canary Is,Radiocarbon,1500,Shield volcano,D4,27.73,-18.03
-31.069987292979192,39.670006262479028,486,488,1802-002,Corvo,Azores,Holocene,715,Stratovolcano,U,39.67,-31.07
-130.631733553860386,57.719727614637677,487,489,1200-06-,Edziza,Canada,Radiocarbon,2786,Stratovolcano,D6,57.72,-1.3063
-31.169987716360026,39.400009576480727,488,490,1802-001,Flores,Azores,Radiocarbon,915,Stratovolcano,D7,39.4,-31.17
-130.681721206068801,57.42971524756058,489,491,1200-07-,Spectrum Range,Canada,Holocene,2430,Shield volcano,U,57.43,-1.3068
-133.101749734562588,56.499657371390519,490,492,1105-05-,Duncan Canal,Alaska-E,Holocene,15,Volcanic field,U,56.5,-1.331
-131.281727066650774,56.779686931906326,491,493,1200-08-,Hoodoo Mountain,Canada,Tephrochronology,1850,Subglacial volcano,D7,56.78,-1.3128
-130.551731148873387,56.579690088926434,492,494,1200-09-,Iskut-Unuk River Cones,Canada,Radiocarbon,1880,Cinder cones,D3,56.58,-1.3055
-133.301685100786756,55.249657347808345,493,495,1105-06-,Tlevak Strait-Suemez Is.,Alaska-E,Holocene,50,Volcanic field,U,55.25,-1.333
-131.051715384557326,55.319668804671551,494,496,1105-07-,Behm Canal-Rudyerd Bay,Alaska-E,Holocene?,500,Cinder cones,?,55.32,-1.3105
-128.901690600840539,55.119778966625965,495,497,1200-10-,Tseax River Cone,Canada,Radiocarbon,609,Pyroclastic cone,D4,55.12,-1.289
-130.231707693755027,54.699719574798507,496,498,1200-11-,Crow Lagoon,Canada,Holocene,335,Pyroclastic cone,U,54.7,-1.3023
-38.079991530784525,38.750008094797693,497,499,1801-04=,Unnamed,Atlantic-N,Historical,-4200,Submarine volcano,D3,38.75,-38.08
-128.731630365848673,52.499757132185877,498,500,1200-12-,Milbanke Sound Group,Canada,Holocene,335,Cinder cones,U,52.5,-1.2873
-123.73001995086004,52.900007267921069,499,501,1200-14-,Nazko,Canada,Radiocarbon,1230,Cinder cones,D7,52.9,-1.2373
-124.700013551684037,52.470006825054895,500,502,1200-13-,Satah Mountain,Canada,Holocene,1921,Volcanic field,U,52.47,-1.247
-126.300019557756343,51.430005676720548,501,503,1200-16-,Silverthrone,Canada,Holocene,3160,Caldera,U,51.43,-1.263
-120.570015543482512,52.330007945710115,502,504,1200-15-,Wells Gray-Clearwater,Canada,Dendrochronology,2015,Cinder cones,D5,52.33,-1.2057
-123.400017386293328,50.800004942873784,503,505,1200-17-,Bridge River Cones,Canada,Holocene,2500,Volcanic field,U,50.8,-1.234
-123.500015825769708,50.63000675480788,504,506,1200-18-,Meager,Canada,Radiocarbon,2680,Complex volcano,D7,50.63,-1.235
-123.031326579058387,49.919836033606025,505,507,1200-19-,Garibaldi Lake,Canada,Holocene,2316,Volcanic field,U,49.92,-1.2303
-123.001327775756224,49.849836339875139,506,508,1200-20-,Garibaldi,Canada,Radiocarbon,2678,Stratovolcano,D7,49.85,-1.23
-121.811271442622981,48.776849821561989,507,509,1201-01=,Baker,US-Washington,Historical,3285,Stratovolcanoes,D3,48.777,-1.2181
-129.581512798476865,46.519784040700863,508,510,1301-01-,CoAxial Segment,Pacific-NE,Historical,-2400,Submarine volcano,D1,46.52,-1.2958
-121.11122843214639,48.11184513274668,509,511,1201-02-,Glacier Peak,US-Washington,Tephrochronology,3213,Stratovolcano,D4,48.112,-1.2111
-130.001526147713491,45.949788096343518,510,512,1301-011,Axial Seamount,Pacific-NE,Historical,-1410,Submarine volcano,D1,45.95,-1.3
-121.751220007996949,46.869832967617356,511,513,1201-03-,Rainier,US-Washington,Dendrochronology,4392,Stratovolcano,D3,46.87,-1.2175
-130.301513736469758,44.829804355986198,512,514,1301-02-,Cleft Segment,Pacific-NE,Historical,-2140,Submarine volcano,D1,44.83,-1.303
-122.181220235925139,46.199838528924943,513,515,1201-05-,St. Helens,US-Washington,Historical,2549,Stratovolcano,D1,46.2,-1.2218
154.979987018386169,50.199997392465654,514,207,0900-331,Shirinki,Kuril Is,Holocene,761,Stratovolcano,U,50.2,154.98
154.807990096066106,49.569996460768031,515,208,0900-32=,Nemo Peak,Kuril Is,Historical,1018,Caldera,D2,49.57,154.808
155.249991198435026,50.269997087995193,516,209,0900-34=,Fuss Peak,Kuril Is,Historical,1772,Stratovolcano,D3,50.27,155.25
155.54999406397485,50.857998223239399,517,210,0900-39=,Alaid,Kuril Is,Historical,2339,Stratovolcano,D1,50.858,155.55
155.369986301926247,50.129997739204263,518,211,0900-35=,Karpinsky Group,Kuril Is,Historical,1345,Cones,D2,50.13,155.37
155.429983823094858,50.249996646827746,519,212,0900-351,Lomonosov Group,Kuril Is,Holocene,1681,Cinder cones,U,50.25,155.43
155.457983680802158,50.324997394014467,520,213,0900-36=,Chikurachki,Kuril Is,Historical,1816,Stratovolcanoes,D1,50.325,155.458
157.469990658541974,55.549994858276072,521,214,1000-273,Cherpuk Group,Kamchatka,Holocene,1868,Pyroclastic cones,U,55.55,157.47
157.799992140325003,56.469996675406207,522,215,1000-36-,Bolshoi-Kekuknaysky,Kamchatka,Holocene?,1401,Shield volcanoes,?,56.47,157.8
157.379994545411932,54.749995784377909,523,216,1000-272,Khangar,Kamchatka,Radiocarbon,2000,Stratovolcano,D5,54.75,157.38
155.969992156212953,50.549995850328223,524,217,0900-37-,Vernadskii Ridge,Kuril Is,Holocene,1183,Cinder cones,U,50.55,155.97
156.019995171539875,50.679996891843075,525,218,0900-38=,Ebeko,Kuril Is,Historical,1156,Somma volcano,D1,50.68,156.02
157.779988031722269,55.879996644929179,526,219,1000-30-,Bolshoi Payalpan,Kamchatka,Holocene?,1906,Shield volcanoes,?,55.88,157.78
157.729985048770914,55.679995919576008,527,220,1000-28=,Ichinsky,Kamchatka,Holocene,3621,Stratovolcano,U,55.68,157.73
157.979984931359496,55.819995300742512,528,221,1000-29-,Maly Payalpan,Kamchatka,Holocene?,1802,Shield volcanoes,?,55.82,157.98
156.549993629402337,51.599994888653157,529,222,1000-021,Unnamed,Kamchatka,Holocene,298,Cinder cone,U,51.6,156.55
157.019994522029464,52.569995926870497,530,223,1000-081,Unnamed,Kamchatka,Holocene,610,Cinder cone,U,52.57,157.02
158.369984046726358,56.369994456079269,531,224,1000-37-,Kulkev,Kamchatka,Holocene?,915,Shield volcano,?,56.37,158.37
158.51999309720361,56.569995190425686,532,225,1000-42-,Eggella,Kamchatka,Holocene?,1046,Shield volcano,?,56.57,158.52
158.379993888706963,56.079997416147819,533,226,1000-35-,Uksichan,Kamchatka,Holocene?,1692,Shield volcano,?,56.08,158.38
156.749990561415188,51.356994926874329,534,227,1000-02=,Koshelev,Kamchatka,Historical,1812,Stratovolcano,D5,51.357,156.75
156.719991837253474,51.099995013758864,535,228,1000-001,Mashkovtsev,Kamchatka,Holocene,503,Stratovolcano,U,51.1,156.72
158.379994020907247,55.579997520569066,536,229,1000-33-,Kozyrevsky,Kamchatka,Holocene?,2016,Shield volcano,?,55.58,158.38
156.869985652315904,51.299995741809987,537,230,1000-01=,Kambalny,Kamchatka,Holocene,2156,Stratovolcano,U,51.3,156.87
158.669987012090928,56.329997388668517,538,231,1000-38-,Geodesistoy,Kamchatka,Holocene?,1170,Shield volcano,?,56.33,158.67
157.334996872407714,52.542999343844592,539,232,1000-08=,Opala,Kamchatka,Radiocarbon,2475,Caldera,D6,52.543,157.335
156.999990472782088,51.430000604544254,540,233,1000-022,Diky Greben,Kamchatka,Radiocarbon,1070,Lava domes,D6,51.43,157
158.949985562183855,56.819995175536917,541,234,1000-43-,Unnamed,Kamchatka,Holocene?,1185,Shield volcano,?,56.82,158.95
157.32199646626384,52.145992442197439,542,235,1000-055,Ostanets,Kamchatka,Holocene,719,Shield volcanoes,U,52.146,157.322
158.849994869467537,56.399997084198041,543,236,1000-41-,Kekurny,Kamchatka,Holocene?,1377,Shield volcanoes,?,56.4,158.85
158.829990625966531,56.319995268267,544,237,1000-39-,Anaun,Kamchatka,Holocene?,1828,Stratovolcano,?,56.32,158.83
158.46999042721643,55.19999653980841,545,238,1000-31-,Plosky,Kamchatka,Holocene?,1236,Shield volcano,?,55.2,158.47
157.119985550192922,51.44999725147192,546,239,1000-023,Kurile Lake,Kamchatka,Radiocarbon,104,Caldera,D7,51.45,157.12
157.427983968785043,52.220001374763619,547,240,1000-056,Otdelniy,Kamchatka,Holocene,791,Shield volcanoes,U,52.22,157.428
157.579991897408064,52.629997328613797,548,241,1000-082,Tolmachev Dol,Kamchatka,Radiocarbon,1021,Cinder cones,D6,52.63,157.58
157.269994604267481,51.749996432489347,549,242,1000-042,Belenkaya,Kamchatka,Holocene,892,Stratovolcano,U,51.75,157.27
158.069996966087047,53.904994799870103,550,243,1000-123,Bakening,Kamchatka,Tephrochronology,2278,Stratovolcano,D7,53.905,158.07
158.049992717190094,53.829997865808814,551,244,1000-122,Kostakan,Kamchatka,Holocene,1150,Cinder cones,D6,53.83,158.05
157.199987349936237,51.489998164383735,552,245,1000-03=,Ilyinsky,Kamchatka,Historical,1578,Stratovolcano,D2,51.49,157.2
158.649982987125099,55.429996048678667,553,246,1000-32-,Akhtang,Kamchatka,Holocene?,1956,Shield volcano,?,55.43,158.65
157.379995156950827,51.87999747940011,554,247,1000-051,Ozernoy,Kamchatka,Holocene,562,Shield volcano,U,51.88,157.38
159.02998749502683,56.369994512736518,555,248,1000-40-,Krainy,Kamchatka,Holocene?,1554,Shield volcano,?,56.37,159.03
157.779988728696821,52.899997742301935,556,249,1000-087,Bolshe-Bannaya,Kamchatka,Holocene,1200,Lava domes,U,52.9,157.78
158.799992037602351,55.649997235883674,557,250,1000-34-,Romanovka,Kamchatka,Holocene?,1442,Stratovolcano,?,55.65,158.8
157.349996430091096,51.649997986717665,558,251,1000-041,Kell,Kamchatka,Holocene,900,Stratovolcanoes,U,51.65,157.35
157.322988396896903,51.569996171685943,559,252,1000-04=,Zheltovsky,Kamchatka,Historical,1953,Stratovolcano,D1,51.57,157.323
157.529988981006568,52.019996848875451,560,253,1000-052,Olkoviy Volc Group,Kamchatka,Holocene,681,Volcanic field,U,52.02,157.53
144.8999892442082,20.530007234046582,561,254,0804-14=,Farallon de Pajaros,Mariana Is-C Pacific,Historical,360,Stratovolcano,D1,20.53,144.9
157.529989023274766,51.799995676958879,562,255,1000-05=,Ksudach,Kamchatka,Historical,1079,Stratovolcano,D2,51.8,157.53
158.384984051372868,53.904994825051112,563,256,1000-124,Zavaritsky,Kamchatka,Radiocarbon,1567,Cinder cones,D7,53.905,158.385
157.702993071173182,52.062996120374628,564,257,1000-053,Khodutka,Kamchatka,Radiocarbon,2090,Stratovolcanoes,D7,52.063,157.703
157.786992640697804,52.262996844828471,565,258,1000-057,Golaya,Kamchatka,Holocene,858,Stratovolcano,U,52.263,157.787
157.826985895882331,52.354995881254865,566,259,1000-058,Asacha,Kamchatka,Holocene,1910,Complex volcano,U,52.355,157.827
157.929982675959678,52.429992820712066,567,260,1000-059,Visokiy,Kamchatka,Holocene,1234,Stratovolcano,U,52.43,157.93
158.449986507471294,53.749996084051986,568,261,1000-121,Veer,Kamchatka,Tephrochronology,520,Cinder cones,D6,53.75,158.45
157.848989111058586,52.112995356750268,569,262,1000-054,Piratkovsky,Kamchatka,Holocene,1322,Stratovolcano,U,52.113,157.849
158.029988722801221,52.557994966994094,570,263,1000-07=,Gorely,Kamchatka,Historical,1829,Caldera,D1,52.558,158.03
159.529987291680072,56.519996051176797,571,264,1000-44-,Verkhovoy,Kamchatka,Holocene?,1400,Shield volcano,?,56.52,159.53
159.829990015127009,57.299994698296643,572,265,1000-54-,Leutongey,Kamchatka,Holocene?,1333,Shield volcano,?,57.3,159.83
159.669986549639475,56.819995239388724,573,266,1000-46-,Cherny,Kamchatka,Holocene?,1778,Stratovolcano,?,56.82,159.67
159.649982318728917,56.699996329966609,574,267,1000-45-,Alney-Chashakondzha,Kamchatka,Tephrochronology,2598,Stratovolcano,D7,56.7,159.65
159.779987079839742,56.969996744554066,575,268,1000-49-,Bliznets,Kamchatka,Holocene?,1244,Stratovolcano,?,56.97,159.78
145.029994088056696,20.420006655282911,576,269,0804-141,Ahyi,Mariana Is-C Pacific,Seismicity,-137,Submarine volcano,D1,20.42,145.03
159.969989353126039,57.319995164645093,577,270,1000-55-,Tuzovsky,Kamchatka,Holocene?,1533,Shield volcanoes,?,57.32,159.97
158.269994088756107,52.822998132257972,578,271,1000-084,Barkhatnaya Sopka,Kamchatka,Tephrochronology,870,Lava domes,D7,52.823,158.27
159.799991381796787,56.849994023805145,579,272,1000-47-,Pogranychny,Kamchatka,Holocene?,1427,Shield volcanoes,?,56.85,159.8
158.299992847092199,52.8799973281142,580,273,1000-086,Unnamed,Kamchatka,Holocene,700,Shield volcanoes,U,52.88,158.3
159.92998088860702,57.099993984634636,581,274,1000-50-,Kebeney,Kamchatka,Holocene?,1527,Shield volcano,?,57.1,159.93
158.194997239231157,52.452995460572026,582,275,1000-06=,Mutnovsky,Kamchatka,Historical,2322,Complex volcano,D1,52.453,158.195
160.249987879836681,57.829997224692136,583,276,1000-63-,Plosky,Kamchatka,Holocene?,1255,Shield volcano,?,57.83,160.25
158.29999288846102,52.679996609056211,584,277,1000-083,Vilyuchik,Kamchatka,Tephrochronology,2173,Stratovolcano,D7,52.68,158.3
160.099994169095567,57.39999699136802,585,278,1000-56-,Titila,Kamchatka,Holocene?,1559,Shield volcanoes,?,57.4,160.1
160.07998995527214,57.22999504053864,586,279,1000-52-,Sedankinsky,Kamchatka,Holocene?,1241,Shield volcano,?,57.23,160.08
159.949985220241587,56.879996624944276,587,280,1000-48-,Zaozerny,Kamchatka,Holocene?,1349,Shield volcanoes,?,56.88,159.95
160.249987994949919,57.46999668599824,588,281,1000-57-,Mezhdusopochny,Kamchatka,Holocene?,1641,Shield volcano,?,57.47,160.25
160.199985003005395,57.329997320120192,589,282,1000-53-,Gorny Institute,Kamchatka,Holocene?,2125,Stratovolcano,?,57.33,160.2
158.519993992029072,52.919994437793029,590,283,1000-085,Unnamed,Kamchatka,Holocene,450,Shield volcanoes,U,52.92,158.52
160.6199826959446,58.369994253332095,591,284,1000-72-,Voyampolsky,Kamchatka,Holocene?,1225,Shield volcanoes,?,58.37,160.62
158.68799312208489,53.319995890298053,592,285,1000-09=,Koryaksky,Kamchatka,Historical,3456,Stratovolcano,D2,53.32,158.688
160.399981769542933,57.699996195767753,593,286,1000-60-,Alngey,Kamchatka,Holocene?,1853,Stratovolcano,?,57.7,160.4
160.529986551338197,57.879996477255581,594,287,1000-64-,Bely,Kamchatka,Holocene?,2080,Shield volcanoes,?,57.88,160.53
160.369983079555368,57.44999624303216,595,288,1000-58-,Shishel,Kamchatka,Holocene?,2525,Shield volcano,?,57.45,160.37
158.921986510269221,53.63699718357315,596,289,1000-11=,Dzenzursky,Kamchatka,Holocene,2285,Compound volcano,U,53.637,158.922
145.100001386454778,20.130005828306309,597,290,0804-142,Supply Reef,Mariana Is-C Pacific,Hydrophonic,-8,Submarine volcano,D1,20.13,145.1
160.649981599970829,57.969996623845077,598,291,1000-65-,Atlasova,Kamchatka,Holocene?,1764,Shield volcanoes,?,57.97,160.65
158.829991384994401,53.254997288693914,599,292,1000-10=,Avachinsky,Kamchatka,Historical,2741,Stratovolcano,D1,53.255,158.83
160.579989645805426,57.699996212854892,600,293,1000-61-,Uka,Kamchatka,Holocene?,1643,Shield volcano,?,57.7,160.58
160.529986664652824,57.529994258428246,601,294,1000-59-,Elovsky,Kamchatka,Tephrochronology,1381,Shield volcanoes,D7,57.53,160.53
160.769991900205923,58.079997223293219,602,295,1000-67-,Iktunup,Kamchatka,Holocene?,2300,Shield volcanoes,?,58.08,160.77
160.749987654006986,58.019995860220703,603,296,1000-66-,Snezhniy,Kamchatka,Holocene?,2169,Shield volcano,?,58.02,160.75
160.399981948508071,57.129996615451418,604,297,1000-51-,Fedotych,Kamchatka,Holocene?,965,Shield volcano,?,57.13,160.4
160.819994902043049,58.179995682554704,605,298,1000-68-,Ostry,Kamchatka,Holocene?,2552,Stratovolcanoes,?,58.18,160.82
160.669985921712851,57.799994675713641,606,299,1000-62-,Kaileney,Kamchatka,Holocene?,1582,Shield volcano,?,57.8,160.67
160.869982645082928,58.279994141816189,607,300,1000-70-,Severny,Kamchatka,Holocene?,1936,Shield volcano,?,58.28,160.87
160.969988743185922,58.199996150701793,608,301,1000-69-,Snegovoy,Kamchatka,Holocene?,2169,Shield volcano,?,58.2,160.97
159.146992555961674,53.58999632646924,609,302,1000-12=,Zhupanovsky,Kamchatka,Historical,2958,Compound volcano,D2,53.59,159.147
161.079989249104528,58.399996884148834,610,303,1000-71-,Iettunup,Kamchatka,Holocene?,1340,Shield volcanoes,?,58.4,161.08
145.21999646746292,20.020003342080525,611,304,0804-143,Maug Islands,Mariana Is-C Pacific,Holocene?,227,Stratovolcano,?,20.02,145.22
159.429981865370678,54.049995336115835,612,305,1000-13=,Karymsky,Kamchatka,Historical,1536,Stratovolcano,D1,54.05,159.43
159.449986147542631,53.979995657673435,613,306,1000-125,Akademia Nauk,Kamchatka,Historical,1180,Stratovolcanoes,D1,53.98,159.45
159.799992011322161,54.52999480761423,614,307,1000-16-,Taunshits,Kamchatka,Radiocarbon,2353,Stratovolcano,D7,54.53,159.8
160.329990284823651,55.829997636081991,615,308,1000-24=,Tolbachik,Kamchatka,Historical,3682,Shield volcano,D1,55.83,160.33
159.669987265499799,54.129997170033327,616,309,1000-14=,Maly Semiachik,Kamchatka,Historical,1560,Caldera,D2,54.13,159.67
-121.491210053201371,46.205850563352783,617,516,1201-04-,Adams,US-Washington,Tephrochronology,3742,Stratovolcano,D6,46.206,-1.2149
-122.081214047889944,45.879842639825924,618,517,1201-06-,West Crater,US-Washington,Radiocarbon,1329,Volcanic field,D7,45.88,-1.2208
-121.821204250475787,45.929845721702691,619,518,1201-07-,Indian Heaven,US-Washington,Radiocarbon,1806,Shield volcanoes,D7,45.93,-1.2182
-121.691206861107716,45.373845944334839,620,519,1202-01-,Hood,US-Oregon,Historical,3426,Stratovolcano,D3,45.374,-1.2169
-24.969985389614063,16.850003793939937,621,520,1804-04-,Sao Vicente,Cape Verde Is,Holocene,725,Stratovolcano,U,16.85,-24.97
-121.801192095638683,44.691846682278538,622,521,1202-02-,Jefferson,US-Oregon,Varve Count,3199,Stratovolcano,D6,44.692,-1.218
-121.771178000264456,44.419843493682258,623,522,1202-03-,Blue Lake Crater,US-Oregon,Radiocarbon,1230,Maar,D7,44.42,-1.2177
-121.931189309638924,44.379850189934302,624,523,1202-04-,Sand Mountain Field,US-Oregon,Radiocarbon,1664,Cinder cones,D7,44.38,-1.2193
-121.831183180958973,44.3318460455585,625,524,1202-05-,Washington,US-Oregon,Radiocarbon,2376,Shield volcano,D6,44.332,-1.2183
-121.841177680505496,44.284845156978406,626,525,1202-06-,Belknap,US-Oregon,Radiocarbon,2095,Shield volcanoes,D6,44.285,-1.2184
-121.771162694702582,44.16984347709478,627,526,1202-07-,North Sister Field,US-Oregon,Radiocarbon,3074,Complex volcano,D6,44.17,-1.2177
-121.771162681212729,44.099843777967976,628,527,1202-08-,South Sister,US-Oregon,Radiocarbon,3157,Complex volcano,D7,44.1,-1.2177
-121.681158677430986,43.978841581273912,629,528,1202-09-,Bachelor,US-Oregon,Tephrochronology,2763,Stratovolcano,D7,43.979,-1.2168
-24.349986226683029,14.9500018444096,630,529,1804-01=,Fogo,Cape Verde Is,Historical,2829,Stratovolcano,D1,14.95,-24.35
-126.781317885911662,42.669835280973416,631,530,1301-021,North Gorda Ridge,Pacific-NE,Historical,-3000,Submarine volcano,D1,42.67,-1.2678
-121.221144212935044,43.721849266530391,632,531,1202-11-,Newberry Volcano,US-Oregon,Radiocarbon,2434,Shield volcano,D6,43.722,-1.2122
-121.821150386481122,43.569848772602768,633,532,1202-10-,Davis Lake,US-Oregon,Radiocarbon,2163,Volcanic field,D7,43.57,-1.2182
-24.719985247121485,14.850004285369437,634,533,1804-02-,Brava,Cape Verde Is,Holocene,900,Stratovolcano,U,14.85,-24.72
-120.86112824727077,43.511861645398589,635,534,1202-12-,Devils Garden,US-Oregon,Holocene?,1698,Volcanic field,?,43.512,-1.2086
-122.101156781360302,43.240853972133095,636,535,1202-15-,Cinnamon Butte,US-Oregon,Holocene?,1956,Cinder cones,?,43.241,-1.221
-120.751119982001569,43.471864551907508,637,536,1202-13-,Squaw Ridge Lava Field,US-Oregon,Holocene?,1711,Volcanic field,?,43.472,-1.2075
-120.661115980018437,43.360868305827644,638,537,1202-14-,Four Craters Lava Field,US-Oregon,Holocene?,1501,Volcanic field,?,43.361,-1.2066
-122.121153373429422,42.92985693954607,639,538,1202-16-,Crater Lake,US-Oregon,Radiocarbon,2487,Caldera,D7,42.93,-1.2212
-110.670773064924958,44.429945845324482,640,539,1205-01-,Yellowstone,US-Wyoming,Tephrochronology,2805,Calderas,D7,44.43,-1.1067
-163.830015933488511,23.58000323046468,641,540,1302-09-,Unnamed,Hawaiian Is,Historical,-4000,Submarine volcano,D2,23.58,-1.6383
-118.75105091266947,43.099882132454418,642,541,1202-17-,Diamond Craters,US-Oregon,Holocene?,1435,Volcanic field,?,43.1,-1.1875
-117.471006136723801,43.149885303364044,643,542,1202-19-,Jordan Craters,US-Oregon,Radiocarbon,1473,Volcanic field,D7,43.15,-1.1747
-117.801015631466228,42.999883735246151,644,543,1202-18-,Saddle Butte,US-Oregon,Holocene?,1700,Volcanic field,?,43,-1.178
-113.500859240761315,43.419909026580285,645,544,1204-02-,Craters of the Moon,US-Idaho,Radiocarbon,2005,Cinder cones,D7,43.42,-1.135
-112.450825470618952,43.499918586573479,646,545,1204-04-,Hell's Half Acre,US-Idaho,Radiocarbon,1631,Shield volcano,D7,43.5,-1.1245
-114.350888362707749,43.179911064743813,647,546,1204-01-,Shoshone Lava Field,US-Idaho,Holocene,1478,Shield volcano,D7,43.18,-1.1435
-117.580999047867749,42.605882714115921,648,547,1202-20-,Jackies Butte,US-Oregon,Holocene?,1418,Volcanic field,?,42.606,-1.1758
-121.571119497966436,41.579888933827185,649,548,1203-02-,Medicine Lake,US-California,Radiocarbon,2412,Shield volcano,D6,41.58,-1.2157
-113.220845059551834,42.879915710341713,650,549,1204-03-,Wapi Lava Field,US-Idaho,Radiocarbon,1604,Shield volcano,D7,42.88,-1.1322
-122.201132084877756,41.419877575889402,651,550,1203-01-,Shasta,US-California,Historical,4317,Stratovolcano,D4,41.42,-1.222
-121.441114533608811,41.177892302088026,652,551,1203-03-,Brushy Butte,US-California,Holocene?,1174,Shield volcano,?,41.178,-1.2144
-121.361105027574922,40.954892718524086,653,552,1203-04-,Big Cave,US-California,Holocene?,1259,Shield volcano,?,40.955,-1.2136
-121.601110533824041,40.779885818375824,654,553,1203-05-,Twin Buttes,US-California,Holocene?,1631,Cinder cones,?,40.78,-1.216
-121.551107459141917,40.679887340228561,655,554,1203-06-,Tumble Buttes,US-California,Holocene?,2191,Cinder cones,?,40.68,-1.2155
-120.831083227808676,40.62989960348385,656,555,1203-09-,Eagle Lake Field,US-California,Holocene?,1652,Fissure vents,?,40.63,-1.2083
-121.50110437276858,40.491887604429387,657,556,1203-08-,Lassen Volc Center,US-California,Historical,3187,Stratovolcano,D2,40.492,-1.215
-122.771108637153873,38.969903281611153,658,557,1203-10-,Clear Lake,US-California,Holocene,1439,Volcanic field,U,38.97,-1.2277
-119.72102885989392,39.374917590274549,659,558,1206-01-,Steamboat Springs,US-Nevada,Pleistocene-Fumarolic,1415,Lava domes,Q,39.375,-1.1972
-158.747252545168777,21.746482459897614,660,559,1302-08-,Unnamed,Hawaiian Is,Uncertain,-3000,Submarine volcano ?,?,21.75,-1.5875
-107.030611973763541,39.649992562606656,661,560,1208-01-,Dotsero,US-Colorado,Radiocarbon,2230,Maar,D7,39.65,-1.0703
-119.030987988704695,37.999928957755166,662,561,1203-11-,Mono Lake Volc Field,US-California,Tephrochronology,2121,Cinder cones,D4,38,-1.1903
-112.500789753044614,38.969968897946266,663,562,1207-05-,Black Rock Desert,US-Utah,Radiocarbon,1800,Volcanic field,D6,38.97,-1.125
-119.000989190798464,37.879933830881555,664,563,1203-12-,Mono Craters,US-California,Radiocarbon,2796,Lava domes,D6,37.88,-1.19
-119.020978186294244,37.69194171503807,665,564,1203-13-,Inyo Craters,US-California,Radiocarbon,2629,Lava domes,D6,37.692,-1.1902
-118.870984266011021,37.699937331942294,666,565,1203-14-,Long Valley,US-California,Pleistocene-Fumarolic,3390,Caldera,Q,37.7,-1.1887
-119.050976958120074,37.579946004704318,667,566,1203-15-,Red Cones,US-California,Radiocarbon,2748,Cinder cones,D7,37.58,-1.1905
-157.797270895935071,21.366834265189187,668,567,1302-07-,Koolau,Hawaiian Is,Holocene?,941,Shield volcano,?,21.37,-1.578
-117.450917114133446,37.01994086997513,669,568,1203-16-,Ubehebe Craters,US-California,Anthropology,752,Maars,D7,37.02,-1.1745
-112.670780171867435,37.579988403242169,670,569,1207-04-,Markagunt Plateau,US-Utah,Dendrochronology,2840,Volcanic field,D6,37.58,-1.1267
-113.620807789947548,37.256986439372668,671,570,1207-01-,Santa Clara,US-Utah,Holocene?,1465,Volcanic field,?,37.257,-1.1362
-112.400768190199798,37.327985673799787,672,571,1207-03-,Bald Knoll,US-Utah,Holocene,2135,Cinder cones,U,37.328,-1.124
-118.32093520279733,36.357945808252452,673,572,1203-17-,Golden Trout Creek,US-California,Tephrochronology,2886,Volcanic field,D7,36.358,-1.1832
-156.567198924390823,20.566819796696212,674,573,1302-05-,Kahoolawe,Hawaiian Is,Holocene?,450,Shield volcano,?,20.57,-1.5657
-117.820919825389581,36.029950505311533,675,574,1203-18-,Coso Volc Field,US-California,Holocene?,2400,Lava domes,?,36.03,-1.1782
-156.24720686550441,20.704808829763692,676,575,1302-06-,Haleakala,Hawaiian Is,Anthropology,3055,Shield volcano,D4,20.708,-1.5625
-113.13077159663186,36.37998746315089,677,576,1209-01-,Uinkaret Field,US-Arizona,Anthropology,1555,Volcanic field,D6,36.38,-1.1313
-155.867232529857318,19.688966433953716,678,577,1302-04-,Hualalai,Hawaiian Is,Historical,2523,Shield volcano,D3,19.692,-1.5587
-155.467238638852052,19.816955235195895,679,578,1302-03-,Mauna Kea,Hawaiian Is,Radiocarbon,4205,Shield volcano,D7,19.82,-1.5547
-116.62087677454349,34.749993617411519,680,579,1203-19-,Lavic Lake,US-California,Holocene?,1495,Volcanic field,?,34.75,-1.1662
-106.570597146840839,35.870027610985467,681,580,1210-03-,Valles Caldera,US-New Mexico,Pleistocene-Fumarolic,3430,Caldera,Q,35.87,-1.0657
-111.500720523433358,35.370011997955309,682,581,1209-02-,Sunset Crater,US-Arizona,Dendrochronology,2447,Cinder cone,D6,35.37,-1.115
-155.597243526767272,19.471975013236253,683,582,1302-02=,Mauna Loa,Hawaiian Is,Historical,4170,Shield volcano,D1,19.475,-1.556
-155.287230717623487,19.421979586388765,684,583,1302-01-,Kilauea,Hawaiian Is,Historical,1222,Shield volcano,D1,19.425,-1.5529
-115.780842122465984,34.549996693492574,685,584,1203-20-,Amboy,US-California,Holocene,288,Cinder cone,U,34.55,-1.1578
-155.267241716731803,18.91724366126595,686,585,1302-00-,Loihi,Hawaiian Is,Historical,-975,Submarine volcano,D1,18.92,-1.5527
-108.000628193436327,34.800050565980818,687,586,1210-02-,Zuni-Bandera,US-New Mexico,Anthropology,2550,Volcanic field,D7,34.8,-1.08
-124.251050492486229,31.750050117019263,688,587,1301-03-,Unnamed,Pacific-NE,Uncertain,-2533,Submarine volcano ?,?,31.75,-1.2425
-105.930559303568998,33.780076762032934,689,588,1210-01-,Carrizozo,US-New Mexico,Holocene,1731,Cinder cone,U,33.78,-1.0593
-115.300830888734481,32.418065147888235,690,589,1401-00-,"Prieto, Cerro",Mexico,Holocene?,223,Lava dome,?,32.418,-1.153
-113.490749027245784,31.772072867268989,691,590,1401-001,Pinacate,Mexico,Holocene,1200,Cinder cones,U,31.772,-1.1349
-115.990802818795032,30.468111783432054,692,591,1401-002,San Quintin Volc Field,Mexico,Holocene?,260,Cinder cones,?,30.468,-1.1599
-114.380725586616521,29.81412387241874,693,592,1401-003,"San Luis, Isla",Mexico,Holocene,180,Tuff cone,U,29.814,-1.1438
-118.280819321454487,29.070127963734521,694,593,1401-006,Guadalupe,Mexico,Holocene,1100,Shield volcano,U,29.07,-1.1828
-114.500720702698246,29.330135991282923,695,594,1401-004,Jaraguay Volc Field,Mexico,Holocene,960,Cinder cones,U,29.33,-1.145
-113.510684495093358,29.080143619832146,696,595,1401-005,Coronado,Mexico,Fumarolic,440,Stratovolcano,U,29.08,-1.1351
-113.750667120790993,28.500155046518152,697,596,1401-007,San Borja Volc Field,Mexico,Holocene,1360,Cinder cones,U,28.5,-1.1375
-115.000690220976878,28.000162564051099,698,597,1401-008,Unnamed,Mexico,Uncertain,0,Submarine volcano ?,?,28,-1.15
-112.590594532711464,27.470180942396553,699,598,1401-01=,Tres Virgenes,Mexico,Radiocarbon,1940,Stratovolcanoes,D7,27.47,-1.1259
-111.850573633766146,27.392185650647257,700,599,1401-011,"Tortuga, Isla",Mexico,Holocene,210,Shield volcano,U,27.392,-1.1185
-111.920527523226625,26.000211930036521,701,600,1401-012,Comondu-La Purisima,Mexico,Holocene?,780,Volcanic field,?,26,-1.1192
-63.229996809005513,17.629999904971612,702,601,1600-01=,Saba,W Indies,Historical,887,Stratovolcano,D5,17.63,-63.23
-62.949997939653208,17.480004061038581,703,602,1600-02=,"Quill, The",W Indies,Radiocarbon,601,Stratovolcano,D6,17.48,-62.95
-62.799996365240077,17.370003420221664,704,603,1600-03=,Liamuiga,W Indies,Radiocarbon,1156,Stratovolcano,D6,17.37,-62.8
-62.579998886839114,17.150002137688485,705,604,1600-04=,Nevis Peak,W Indies,Holocene,985,Stratovolcano,U,17.15,-62.58
-62.179997228389375,16.720001709211488,706,605,1600-05=,Soufriere Hills,W Indies,Historical,915,Stratovolcano,D1,16.72,-62.18
-104.450295799411592,24.150297186765723,707,606,1401-022,Durango Volc Field,Mexico,Holocene,2075,Cinder cones,U,24.15,-1.0445
-61.669994921028774,16.05000143931494,708,607,1600-06=,Soufriere Guadeloupe,W Indies,Historical,1467,Stratovolcano,D1,16.05,-61.67
-61.449997439030597,15.620002913803438,709,608,1600-08=,"Diables, Morne aux",W Indies,Holocene,861,Stratovolcano,U,15.62,-61.45
-61.41999483339481,15.500002992643989,710,609,1600-09=,"Diablotins, Morne",W Indies,Holocene?,1430,Stratovolcano,?,15.5,-61.42
-61.329998464857283,15.370000932197229,711,610,1600-10=,"Trois Pitons, Morne",W Indies,Radiocarbon,1387,Lava domes,D6,15.37,-61.33
-61.319996323771306,15.300002170164012,712,611,1600-101,"Watt, Morne",W Indies,Historical,1224,Stratovolcano,D1,15.3,-61.32
-61.369995575435432,15.220002221225506,713,612,1600-11=,"Plat Pays, Morne",W Indies,Radiocarbon,940,Stratovolcano,D6,15.22,-61.37
-61.169994742163617,14.820001529546907,714,613,1600-12=,Pelee,W Indies,Historical,1397,Stratovolcano,D2,14.82,-61.17
-61.049995754500458,13.830002409083859,715,614,1600-14=,Qualibou,W Indies,Historical,777,Caldera,D4,13.83,-61.05
-61.179993039547128,13.330000344340409,716,615,1600-15=,Soufriere St. Vincent,W Indies,Historical,1220,Stratovolcano,D1,13.33,-61.18
-104.730203054827086,21.450335934955437,717,616,1401-023,Sanganguey,Mexico,Holocene,2340,Stratovolcano,U,21.45,-1.0473
-104.500176756052454,21.125340827916837,718,617,1401-03=,Ceboruco,Mexico,Historical,2280,Stratovolcano,D3,21.125,-1.045
-104.83017102976919,20.620347284799333,719,618,1401-031,Mascota Volc Field,Mexico,Holocene,2560,Cinder cones,U,20.62,-1.0483
